,occurrenceID,basisOfRecord,Preparations (Physical Samples),eventDate,scientificName,kingdom,phylum,class,order,family,genus,specific Epithet (species),taxonRank,identifiedBy,AI Detection Method/Model,Confidence%,Verification Method,Verification Name,dateIdentified,nomenclaturalCode,individualCount,organismQuantity,organismQuantityType,decimalLatitude,decimalLongitude,geodeticDatum,coordinateUncertaintyInMeters,verbatimCoordinates,verbatimCoordinateSystem,higherGeography,continent,country,countryCode,stateProvince,county,locality,verbatimLocality,occurrenceRemarks,references,Filename/Run
0,Raft-1/Insect/1,MachineObservation,,2024-07-11 18:32:20,Acrididae--,Animalia,Arthropoda,Insecta,Orthoptera,Acrididae,,,Family,AI,"Multiple Insect Segmentation, Tracking and Hierarchical Classification",0.303,Human,,2024-07-11,ICZN,1,58,observations,-2.9664563333333334,-60.742545166666666,WGS84,,"-2.96645633333333,-60.7425451666667",decimal degrees,Brazil,South America,Brazil,BR,Amazonas,,,,,,414_dd10e6-85c5d/crop_C01_2024-07-11_22-32-20_-2-9664563333333334_-60-742545166666666_CROPNUMBER_14_UUID_414_dd10e6-85c5d.png
1,Raft-3/Insect/1,MachineObservation,,2024-07-12 00:49:20,Aedes--Meigen_1818,Animalia,Arthropoda,Insecta,Diptera,Culicidae,Aedes,,Genus,AI,"Multiple Insect Segmentation, Tracking and Hierarchical Classification",0.2804999999999999,Human,,2024-07-12,ICZN,22,144,observations,0.0,0.0,WGS84,,"0,0",decimal degrees,Brazil,South America,Brazil,BR,Amazonas,,,,"Detected at multiple rafts: [1, 2, 3]",,1623_a5cb3c-1b15b/crop_C03_2024-07-12_04-49-20_0-0_0-0_CROPNUMBER_4_UUID_1623_a5cb3c-1b15b.png
2,Raft-3/Insect/2,MachineObservation,,2024-07-12 01:07:26,Aedes-aegypti-Linnaeus_1762,Animalia,Arthropoda,Insecta,Diptera,Culicidae,Aedes,Aedes aegypti,Species,AI,"Multiple Insect Segmentation, Tracking and Hierarchical Classification",0.396,Human,,2024-07-12,ICZN,2,144,observations,0.0,0.0,WGS84,,"0,0",decimal degrees,Brazil,South America,Brazil,BR,Amazonas,,,,,,1687_8e672e-b1159/crop_C03_2024-07-12_05-07-26_0-0_0-0_CROPNUMBER_0_UUID_1687_8e672e-b1159.png
3,Raft-2/Insect/1,MachineObservation,,2024-07-11 20:13:50,Aeshnidae--,Animalia,Arthropoda,Insecta,Odonata,Aeshnidae,,,Family,AI,"Multiple Insect Segmentation, Tracking and Hierarchical Classification",0.312,Human,,2024-07-11,ICZN,2,53,observations,-2.965666333333333,-60.739898,WGS84,,"-2.96566633333333,-60.739898",decimal degrees,Brazil,South America,Brazil,BR,Amazonas,,,,"Detected at multiple rafts: [2, 3]",,696_6e9e37-89949/crop_C02_2024-07-12_00-13-50_-2-965666333333333_-60-739898_CROPNUMBER_141_UUID_696_6e9e37-89949.png
4,Raft-3/Insect/3,MachineObservation,,2024-07-11 20:29:20,Amyna-stricta-,Animalia,Arthropoda,Insecta,Lepidoptera,Noctuidae,Amyna,Amyna stricta,Species,AI,"Multiple Insect Segmentation, Tracking and Hierarchical Classification",0.258,Human,,2024-07-11,ICZN,1,144,observations,-2.966061333333333,-60.73733466666667,WGS84,,"-2.96606133333333,-60.7373346666667",decimal degrees,Brazil,South America,Brazil,BR,Amazonas,,,,,,703_cff309-e2e19/crop_C03_2024-07-12_00-29-20_-2-966061333333333_-60-73733466666667_CROPNUMBER_186_UUID_703_cff309-e2e19.png
5,Raft-3/Insect/4,MachineObservation,,2024-07-11 20:57:35,Aphididae--,Animalia,Arthropoda,Insecta,Hemiptera,Aphididae,,,Family,AI,"Multiple Insect Segmentation, Tracking and Hierarchical Classification",0.562,Human,,2024-07-11,ICZN,38,144,observations,-2.9660753333333334,-60.73741716666667,WGS84,,"-2.96607533333333,-60.7374171666667",decimal degrees,Brazil,South America,Brazil,BR,Amazonas,,,,"Detected at multiple rafts: [1, 2, 3]",,803_37f5b5-eea24/crop_C03_2024-07-12_00-57-35_-2-9660753333333334_-60-73741716666667_CROPNUMBER_74_UUID_803_37f5b5-eea24.png
6,Raft-2/Insect/2,MachineObservation,,2024-07-11 21:16:24,Apidae--,Animalia,Arthropoda,Insecta,Hymenoptera,Apidae,,,Family,AI,"Multiple Insect Segmentation, Tracking and Hierarchical Classification",0.387,Human,,2024-07-11,ICZN,3,53,observations,-2.965673333333333,-60.73988533333333,WGS84,,"-2.96567333333333,-60.7398853333333",decimal degrees,Brazil,South America,Brazil,BR,Amazonas,,,,"Detected at multiple rafts: [1, 2]",,920_84ba15-e914c/crop_C02_2024-07-12_01-16-24_-2-965673333333333_-60-73988533333333_CROPNUMBER_34_UUID_920_84ba15-e914c.png
7,Raft-3/Insect/5,MachineObservation,,2024-07-11 22:21:21,Apoica-gelida-Vecht_1972,Animalia,Arthropoda,Insecta,Hymenoptera,Vespidae,Apoica,Apoica gelida,Species,AI,"Multiple Insect Segmentation, Tracking and Hierarchical Classification",0.273,Human,,2024-07-11,ICZN,1,144,observations,0.0,0.0,WGS84,,"0,0",decimal degrees,Brazil,South America,Brazil,BR,Amazonas,,,,,,1099_52cac5-c0642/crop_C03_2024-07-12_02-21-21_0-0_0-0_CROPNUMBER_24_UUID_1099_52cac5-c0642.png
8,Raft-3/Insect/6,MachineObservation,,2024-07-11 21:39:12,Arawacus-melibaeus-,Animalia,Arthropoda,Insecta,Lepidoptera,Lycaenidae,Arawacus,Arawacus melibaeus,Species,AI,"Multiple Insect Segmentation, Tracking and Hierarchical Classification",0.283,Human,,2024-07-11,ICZN,2,144,observations,0.0,0.0,WGS84,,"0,0",decimal degrees,Brazil,South America,Brazil,BR,Amazonas,,,,"Detected at multiple rafts: [2, 3]",,950_e45aec-379fa/crop_C03_2024-07-12_01-39-12_0-0_0-0_CROPNUMBER_1_UUID_950_e45aec-379fa.png
9,Raft-3/Insect/7,MachineObservation,,2024-07-11 19:02:23,Ascalaphidae--,Animalia,Arthropoda,Insecta,Neuroptera,Ascalaphidae,,,Family,AI,"Multiple Insect Segmentation, Tracking and Hierarchical Classification",0.398,Human,,2024-07-11,ICZN,2,144,observations,-2.9659866666666668,-60.73752016666667,WGS84,,"-2.96598666666667,-60.7375201666667",decimal degrees,Brazil,South America,Brazil,BR,Amazonas,,,,,,395_6b164b-0c622/crop_C03_2024-07-11_23-02-23_-2-9659866666666668_-60-73752016666667_CROPNUMBER_67_UUID_395_6b164b-0c622.png
10,Raft-2/Insect/3,MachineObservation,,2024-07-11 23:36:10,Ascalorphne-macrocerca-Burmeister_1839,Animalia,Arthropoda,Insecta,Neuroptera,Ascalaphidae,Ascalorphne,Ascalorphne macrocerca,Species,AI,"Multiple Insect Segmentation, Tracking and Hierarchical Classification",0.359,Human,,2024-07-11,ICZN,4,53,observations,-2.965659,-60.73990516666667,WGS84,,"-2.965659,-60.7399051666667",decimal degrees,Brazil,South America,Brazil,BR,Amazonas,,,,,,1420_81e1bb-309d5/crop_C02_2024-07-12_03-36-10_-2-965659_-60-73990516666667_CROPNUMBER_60_UUID_1420_81e1bb-309d5.png
11,Raft-3/Insect/8,MachineObservation,,2024-07-11 19:35:43,Atractocerus-brasiliensis-Lepeletier__AudinetServille_1825,Animalia,Arthropoda,Insecta,Coleoptera,Lymexylidae,Atractocerus,Atractocerus brasiliensis,Species,AI,"Multiple Insect Segmentation, Tracking and Hierarchical Classification",0.418,Human,,2024-07-11,ICZN,2,144,observations,-2.9660458333333333,-60.7373935,WGS84,,"-2.96604583333333,-60.7373935",decimal degrees,Brazil,South America,Brazil,BR,Amazonas,,,,,,513_ba7cfb-f9a31/crop_C03_2024-07-11_23-35-43_-2-9660458333333333_-60-7373935_CROPNUMBER_217_UUID_513_ba7cfb-f9a31.png
12,Raft-3/Insect/9,MachineObservation,,2024-07-11 21:56:29,Austroleon-immitis-Walker_1853,Animalia,Arthropoda,Insecta,Neuroptera,Myrmeleontidae,Austroleon,Austroleon immitis,Species,AI,"Multiple Insect Segmentation, Tracking and Hierarchical Classification",0.338,Human,,2024-07-11,ICZN,9,144,observations,0.0,0.0,WGS84,,"0,0",decimal degrees,Brazil,South America,Brazil,BR,Amazonas,,,,,,1011_6658e8-74620/crop_C03_2024-07-12_01-56-29_0-0_0-0_CROPNUMBER_154_UUID_1011_6658e8-74620.png
13,Raft-2/Insect/4,MachineObservation,,2024-07-11 18:51:40,Belonuchus-rufipennis-Fabricius_1801,Animalia,Arthropoda,Insecta,Coleoptera,Staphylinidae,Belonuchus,Belonuchus rufipennis,Species,AI,"Multiple Insect Segmentation, Tracking and Hierarchical Classification",0.293,Human,,2024-07-11,ICZN,1,53,observations,-2.965672,-60.7398925,WGS84,,"-2.965672,-60.7398925",decimal degrees,Brazil,South America,Brazil,BR,Amazonas,,,,,,401_fde7db-d7225/crop_C02_2024-07-11_22-51-40_-2-965672_-60-7398925_CROPNUMBER_207_UUID_401_fde7db-d7225.png
14,Raft-1/Insect/2,MachineObservation,,2024-07-11 22:18:52,Bibio-superfluus-Schiner_1868,Animalia,Arthropoda,Insecta,Diptera,Bibionidae,Bibio,Bibio superfluus,Species,AI,"Multiple Insect Segmentation, Tracking and Hierarchical Classification",0.266,Human,,2024-07-11,ICZN,1,58,observations,-2.9664295000000003,-60.74255733333333,WGS84,,"-2.9664295,-60.7425573333333",decimal degrees,Brazil,South America,Brazil,BR,Amazonas,,,,,,1223_1e55c5-a4983/crop_C01_2024-07-12_02-18-52_-2-9664295000000003_-60-74255733333333_CROPNUMBER_41_UUID_1223_1e55c5-a4983.png
15,Raft-3/Insect/10,MachineObservation,,2024-07-12 03:05:53,Blattella-germanica-Linnaeus_1767,Animalia,Arthropoda,Insecta,Blattodea,Ectobiidae,Blattella,Blattella germanica,Species,AI,"Multiple Insect Segmentation, Tracking and Hierarchical Classification",0.559,Human,,2024-07-12,ICZN,32,144,observations,-2.9661885,-60.73724216666667,WGS84,,"-2.9661885,-60.7372421666667",decimal degrees,Brazil,South America,Brazil,BR,Amazonas,,,,"Detected at multiple rafts: [1, 2, 3]",,2106_8fb7d4-f91f7/crop_C03_2024-07-12_07-05-53_-2-9661885_-60-73724216666667_CROPNUMBER_29_UUID_2106_8fb7d4-f91f7.png
16,Raft-3/Insect/11,MachineObservation,,2024-07-11 20:59:17,Brachymyrmex--Mayr_1868,Animalia,Arthropoda,Insecta,Hymenoptera,Formicidae,Brachymyrmex,,Genus,AI,"Multiple Insect Segmentation, Tracking and Hierarchical Classification",0.3666666666666667,Human,,2024-07-11,ICZN,1,144,observations,-2.9661046666666664,-60.73739483333333,WGS84,,"-2.96610466666667,-60.7373948333333",decimal degrees,Brazil,South America,Brazil,BR,Amazonas,,,,,,809_2f5f10-7cdfc/crop_C03_2024-07-12_00-59-17_-2-9661046666666664_-60-73739483333333_CROPNUMBER_0_UUID_809_2f5f10-7cdfc.png
17,Raft-2/Insect/5,MachineObservation,,2024-07-11 19:20:40,Brentus-anchorago-Linnaeus_1758,Animalia,Arthropoda,Insecta,Coleoptera,Brentidae,Brentus,Brentus anchorago,Species,AI,"Multiple Insect Segmentation, Tracking and Hierarchical Classification",0.316,Human,,2024-07-11,ICZN,1,53,observations,-2.9657131666666667,-60.7399095,WGS84,,"-2.96571316666667,-60.7399095",decimal degrees,Brazil,South America,Brazil,BR,Amazonas,,,,,,505_a2c426-bf0f9/crop_C02_2024-07-11_23-20-40_-2-9657131666666667_-60-7399095_CROPNUMBER_6_UUID_505_a2c426-bf0f9.png
18,Raft-1/Insect/3,MachineObservation,,2024-07-11 18:36:15,Carabidae--,Animalia,Arthropoda,Insecta,Coleoptera,Carabidae,,,Family,AI,"Multiple Insect Segmentation, Tracking and Hierarchical Classification",0.264,Human,,2024-07-11,ICZN,1,58,observations,-2.9664495,-60.742549333333336,WGS84,,"-2.9664495,-60.7425493333333",decimal degrees,Brazil,South America,Brazil,BR,Amazonas,,,,,,428_faa436-2b8d1/crop_C01_2024-07-11_22-36-15_-2-9664495_-60-742549333333336_CROPNUMBER_30_UUID_428_faa436-2b8d1.png
19,Raft-1/Insect/4,MachineObservation,,2024-07-11 20:39:48,Cerambycidae--,Animalia,Arthropoda,Insecta,Coleoptera,Cerambycidae,,,Family,AI,"Multiple Insect Segmentation, Tracking and Hierarchical Classification",0.73,Human,,2024-07-11,ICZN,5,58,observations,-2.966443,-60.74256366666667,WGS84,,"-2.966443,-60.7425636666667",decimal degrees,Brazil,South America,Brazil,BR,Amazonas,,,,"Detected at multiple rafts: [1, 2, 3]",,869_5dac3a-e0814/crop_C01_2024-07-12_00-39-48_-2-966443_-60-74256366666667_CROPNUMBER_65_UUID_869_5dac3a-e0814.png
20,Raft-3/Insect/12,MachineObservation,,2024-07-12 00:19:23,Chrysomelidae--,Animalia,Arthropoda,Insecta,Coleoptera,Chrysomelidae,,,Family,AI,"Multiple Insect Segmentation, Tracking and Hierarchical Classification",0.441,Human,,2024-07-12,ICZN,5,144,observations,0.0,0.0,WGS84,,"0,0",decimal degrees,Brazil,South America,Brazil,BR,Amazonas,,,,"Detected at multiple rafts: [2, 3]",,1517_70d362-37049/crop_C03_2024-07-12_04-19-23_0-0_0-0_CROPNUMBER_2_UUID_1517_70d362-37049.png
21,Raft-1/Insect/5,MachineObservation,,2024-07-11 18:33:11,Cicadellidae--,Animalia,Arthropoda,Insecta,Hemiptera,Cicadellidae,,,Family,AI,"Multiple Insect Segmentation, Tracking and Hierarchical Classification",0.42575,Human,,2024-07-11,ICZN,356,58,observations,-2.9664515,-60.74256166666667,WGS84,,"-2.9664515,-60.7425616666667",decimal degrees,Brazil,South America,Brazil,BR,Amazonas,,,,"Detected at multiple rafts: [1, 2, 3]",,417_2dedb2-18e98/crop_C01_2024-07-11_22-33-11_-2-9664515_-60-74256166666667_CROPNUMBER_19_UUID_417_2dedb2-18e98.png
22,Raft-3/Insect/13,MachineObservation,,2024-07-11 22:23:20,Cicindela-trifasciata-Fabricius_1781,Animalia,Arthropoda,Insecta,Coleoptera,Carabidae,Cicindela,Cicindela trifasciata,Species,AI,"Multiple Insect Segmentation, Tracking and Hierarchical Classification",0.279,Human,,2024-07-11,ICZN,1,144,observations,0.0,0.0,WGS84,,"0,0",decimal degrees,Brazil,South America,Brazil,BR,Amazonas,,,,,,1106_ad74bf-2b2b7/crop_C03_2024-07-12_02-23-20_0-0_0-0_CROPNUMBER_111_UUID_1106_ad74bf-2b2b7.png
23,Raft-2/Insect/6,MachineObservation,,2024-07-11 21:49:27,Cimex-lectularius-Linnaeus_1758,Animalia,Arthropoda,Insecta,Hemiptera,Cimicidae,Cimex,Cimex lectularius,Species,AI,"Multiple Insect Segmentation, Tracking and Hierarchical Classification",0.5760000000000001,Human,,2024-07-11,ICZN,58,53,observations,-2.9656815,-60.7398935,WGS84,,"-2.9656815,-60.7398935",decimal degrees,Brazil,South America,Brazil,BR,Amazonas,,,,"Detected at multiple rafts: [2, 3]",,1038_6aaf84-0c563/crop_C02_2024-07-12_01-49-27_-2-9656815_-60-7398935_CROPNUMBER_21_UUID_1038_6aaf84-0c563.png
24,Raft-3/Insect/14,MachineObservation,,2024-07-11 22:04:07,Cissites-maculata-Swederus_1787,Animalia,Arthropoda,Insecta,Coleoptera,Meloidae,Cissites,Cissites maculata,Species,AI,"Multiple Insect Segmentation, Tracking and Hierarchical Classification",0.344,Human,,2024-07-11,ICZN,1,144,observations,0.0,0.0,WGS84,,"0,0",decimal degrees,Brazil,South America,Brazil,BR,Amazonas,,,,,,1038_1bfd37-18f29/crop_C03_2024-07-12_02-04-07_0-0_0-0_CROPNUMBER_24_UUID_1038_1bfd37-18f29.png
25,Raft-3/Insect/15,MachineObservation,,2024-07-11 21:36:05,Clogmia-albipunctatus-Williston_1893,Animalia,Arthropoda,Insecta,Diptera,Psychodidae,Clogmia,Clogmia albipunctatus,Species,AI,"Multiple Insect Segmentation, Tracking and Hierarchical Classification",0.898,Human,,2024-07-11,ICZN,12,144,observations,0.0,0.0,WGS84,,"0,0",decimal degrees,Brazil,South America,Brazil,BR,Amazonas,,,,"Detected at multiple rafts: [2, 3]",,939_65aa8e-9e57e/crop_C03_2024-07-12_01-36-05_0-0_0-0_CROPNUMBER_0_UUID_939_65aa8e-9e57e.png
26,Raft-3/Insect/16,MachineObservation,,2024-07-11 19:08:18,Coenagrionidae--,Animalia,Arthropoda,Insecta,Odonata,Coenagrionidae,,,Family,AI,"Multiple Insect Segmentation, Tracking and Hierarchical Classification",0.336,Human,,2024-07-11,ICZN,2,144,observations,-2.9661056666666665,-60.737323833333335,WGS84,,"-2.96610566666667,-60.7373238333333",decimal degrees,Brazil,South America,Brazil,BR,Amazonas,,,,"Detected at multiple rafts: [1, 3]",,416_5242f6-5d3bb/crop_C03_2024-07-11_23-08-18_-2-9661056666666665_-60-737323833333335_CROPNUMBER_67_UUID_416_5242f6-5d3bb.png
27,Raft-1/Insect/6,MachineObservation,,2024-07-11 18:42:06,Coleoptera--,Animalia,Arthropoda,Insecta,Coleoptera,,,,Order,AI,"Multiple Insect Segmentation, Tracking and Hierarchical Classification",0.27775,Human,,2024-07-11,ICZN,205,58,observations,-2.966484,-60.742570666666666,WGS84,,"-2.966484,-60.7425706666667",decimal degrees,Brazil,South America,Brazil,BR,Amazonas,,,,"Detected at multiple rafts: [1, 2, 3]",,449_403ce6-73fb9/crop_C01_2024-07-11_22-42-06_-2-966484_-60-742570666666666_CROPNUMBER_96_UUID_449_403ce6-73fb9.png
28,Raft-3/Insect/17,MachineObservation,,2024-07-12 02:46:22,Condylorrhiza-vestigialis-Guene_1854,Animalia,Arthropoda,Insecta,Lepidoptera,Crambidae,Condylorrhiza,Condylorrhiza vestigialis,Species,AI,"Multiple Insect Segmentation, Tracking and Hierarchical Classification",0.5025,Human,,2024-07-12,ICZN,5,144,observations,-2.9661211666666665,-60.73725866666667,WGS84,,"-2.96612116666667,-60.7372586666667",decimal degrees,Brazil,South America,Brazil,BR,Amazonas,,,,"Detected at multiple rafts: [2, 3]",,2037_fb0629-5448d/crop_C03_2024-07-12_06-46-22_-2-9661211666666665_-60-73725866666667_CROPNUMBER_5_UUID_2037_fb0629-5448d.png
29,Raft-3/Insect/18,MachineObservation,,2024-07-11 19:02:40,Condylostylus--Bigot_1859,Animalia,Arthropoda,Insecta,Diptera,Dolichopodidae,Condylostylus,,Genus,AI,"Multiple Insect Segmentation, Tracking and Hierarchical Classification",0.338,Human,,2024-07-11,ICZN,1,144,observations,-2.9659946666666666,-60.73748066666667,WGS84,,"-2.96599466666667,-60.7374806666667",decimal degrees,Brazil,South America,Brazil,BR,Amazonas,,,,,,396_aeb9f5-63734/crop_C03_2024-07-11_23-02-40_-2-9659946666666666_-60-73748066666667_CROPNUMBER_1_UUID_396_aeb9f5-63734.png
30,Raft-3/Insect/19,MachineObservation,,2024-07-12 06:35:56,Crambidae--,Animalia,Arthropoda,Insecta,Lepidoptera,Crambidae,,,Family,AI,"Multiple Insect Segmentation, Tracking and Hierarchical Classification",0.2976666666666667,Human,,2024-07-12,ICZN,27,144,observations,-2.965727833333333,-60.7374645,WGS84,,"-2.96572783333333,-60.7374645",decimal degrees,Brazil,South America,Brazil,BR,Amazonas,,,,"Detected at multiple rafts: [1, 2, 3]",,2849_27bbaa-74318/crop_C03_2024-07-12_10-35-56_-2-9657278333333332_-60-7374645_CROPNUMBER_2_UUID_2849_27bbaa-74318.png
31,Raft-3/Insect/20,MachineObservation,,2024-07-12 04:45:42,Crambodes-talidiformis-Guene_1852,Animalia,Arthropoda,Insecta,Lepidoptera,Noctuidae,Crambodes,Crambodes talidiformis,Species,AI,"Multiple Insect Segmentation, Tracking and Hierarchical Classification",0.3781428571428571,Human,,2024-07-12,ICZN,4,144,observations,-2.9661395,-60.737382833333335,WGS84,,"-2.9661395,-60.7373828333333",decimal degrees,Brazil,South America,Brazil,BR,Amazonas,,,,,,2459_318b4e-d78ce/crop_C03_2024-07-12_08-45-42_-2-9661395_-60-737382833333335_CROPNUMBER_17_UUID_2459_318b4e-d78ce.png
32,Raft-3/Insect/21,MachineObservation,,2024-07-11 18:51:58,Ctenolepisma-longicaudatum-Escherich_1905,Animalia,Arthropoda,Insecta,Zygentoma,Lepismatidae,Ctenolepisma,Ctenolepisma longicaudatum,Species,AI,"Multiple Insect Segmentation, Tracking and Hierarchical Classification",0.477,Human,,2024-07-11,ICZN,5,144,observations,-2.9659891666666667,-60.737634666666665,WGS84,,"-2.96598916666667,-60.7376346666667",decimal degrees,Brazil,South America,Brazil,BR,Amazonas,,,,"Detected at multiple rafts: [1, 2, 3]",,358_b83fa1-bd7b9/crop_C03_2024-07-11_22-51-58_-2-9659891666666667_-60-737634666666665_CROPNUMBER_107_UUID_358_b83fa1-bd7b9.png
33,Raft-1/Insect/7,MachineObservation,,2024-07-11 20:33:36,Culex-quinquefasciatus-Say_1823,Animalia,Arthropoda,Insecta,Diptera,Culicidae,Culex,Culex quinquefasciatus,Species,AI,"Multiple Insect Segmentation, Tracking and Hierarchical Classification",0.43,Human,,2024-07-11,ICZN,14,58,observations,-2.966429333333333,-60.74252933333333,WGS84,,"-2.96642933333333,-60.7425293333333",decimal degrees,Brazil,South America,Brazil,BR,Amazonas,,,,"Detected at multiple rafts: [1, 2, 3]",,847_407ed7-1bd7a/crop_C01_2024-07-12_00-33-36_-2-966429333333333_-60-74252933333333_CROPNUMBER_66_UUID_847_407ed7-1bd7a.png
34,Raft-1/Insect/8,MachineObservation,,2024-07-11 20:32:45,Culicidae--,Animalia,Arthropoda,Insecta,Diptera,Culicidae,,,Family,AI,"Multiple Insect Segmentation, Tracking and Hierarchical Classification",0.477,Human,,2024-07-11,ICZN,104,58,observations,-2.966409,-60.742525666666666,WGS84,,"-2.966409,-60.7425256666667",decimal degrees,Brazil,South America,Brazil,BR,Amazonas,,,,"Detected at multiple rafts: [1, 2, 3]",,844_99df3e-9164f/crop_C01_2024-07-12_00-32-45_-2-966409_-60-742525666666666_CROPNUMBER_79_UUID_844_99df3e-9164f.png
35,Raft-2/Insect/7,MachineObservation,,2024-07-11 22:17:57,Cyclocephala--Dejean_1821,Animalia,Arthropoda,Insecta,Coleoptera,Scarabaeidae,Cyclocephala,,Genus,AI,"Multiple Insect Segmentation, Tracking and Hierarchical Classification",0.355,Human,,2024-07-11,ICZN,5,53,observations,-2.965648333333333,-60.73989933333333,WGS84,,"-2.96564833333333,-60.7398993333333",decimal degrees,Brazil,South America,Brazil,BR,Amazonas,,,,,,1140_14d408-5bfb1/crop_C02_2024-07-12_02-17-57_-2-965648333333333_-60-739899333333334_CROPNUMBER_18_UUID_1140_14d408-5bfb1.png
36,Raft-2/Insect/8,MachineObservation,,2024-07-11 18:48:03,Cyclocephala-lunulata-Burmeister_1847,Animalia,Arthropoda,Insecta,Coleoptera,Scarabaeidae,Cyclocephala,Cyclocephala lunulata,Species,AI,"Multiple Insect Segmentation, Tracking and Hierarchical Classification",0.307,Human,,2024-07-11,ICZN,1,53,observations,-2.9657091666666666,-60.73988033333333,WGS84,,"-2.96570916666667,-60.7398803333333",decimal degrees,Brazil,South America,Brazil,BR,Amazonas,,,,,,388_ce28d6-65c98/crop_C02_2024-07-11_22-48-03_-2-9657091666666666_-60-73988033333333_CROPNUMBER_94_UUID_388_ce28d6-65c98.png
37,Raft-2/Insect/9,MachineObservation,,2024-07-11 22:01:09,Cyclocephala-signaticollis-Burmeister_1847,Animalia,Arthropoda,Insecta,Coleoptera,Scarabaeidae,Cyclocephala,Cyclocephala signaticollis,Species,AI,"Multiple Insect Segmentation, Tracking and Hierarchical Classification",0.281,Human,,2024-07-11,ICZN,5,53,observations,-2.965685166666667,-60.739894666666665,WGS84,,"-2.96568516666667,-60.7398946666667",decimal degrees,Brazil,South America,Brazil,BR,Amazonas,,,,,,1080_234c67-8bc8c/crop_C02_2024-07-12_02-01-09_-2-965685166666667_-60-739894666666665_CROPNUMBER_27_UUID_1080_234c67-8bc8c.png
38,Raft-2/Insect/10,MachineObservation,,2024-07-11 22:04:47,Cyrnellus-fraternus-Banks_1905,Animalia,Arthropoda,Insecta,Trichoptera,Polycentropodidae,Cyrnellus,Cyrnellus fraternus,Species,AI,"Multiple Insect Segmentation, Tracking and Hierarchical Classification",0.785,Human,,2024-07-11,ICZN,4,53,observations,-2.965664333333333,-60.739911166666666,WGS84,,"-2.96566433333333,-60.7399111666667",decimal degrees,Brazil,South America,Brazil,BR,Amazonas,,,,"Detected at multiple rafts: [2, 3]",,1093_340733-75b1a/crop_C02_2024-07-12_02-04-47_-2-9656643333333332_-60-739911166666666_CROPNUMBER_31_UUID_1093_340733-75b1a.png
39,Raft-3/Insect/22,MachineObservation,,2024-07-12 02:05:09,Digitonthophagus-gazella-Fabricius_1787,Animalia,Arthropoda,Insecta,Coleoptera,Scarabaeidae,Paranomala,Digitonthophagus gazella,Species,AI,"Multiple Insect Segmentation, Tracking and Hierarchical Classification",0.285,Human,,2024-07-12,ICZN,1,144,observations,-2.965998,-60.737347666666665,WGS84,,"-2.965998,-60.7373476666667",decimal degrees,Brazil,South America,Brazil,BR,Amazonas,,,,,,1891_46d3a8-767f0/crop_C03_2024-07-12_06-05-09_-2-965998_-60-737347666666665_CROPNUMBER_32_UUID_1891_46d3a8-767f0.png
40,Raft-3/Insect/23,MachineObservation,,2024-07-12 04:46:16,Dimares-elegans-Perty_1833,Animalia,Arthropoda,Insecta,Neuroptera,Myrmeleontidae,Dimares,Dimares elegans,Species,AI,"Multiple Insect Segmentation, Tracking and Hierarchical Classification",0.35,Human,,2024-07-12,ICZN,1,144,observations,-2.966059,-60.73738983333333,WGS84,,"-2.966059,-60.7373898333333",decimal degrees,Brazil,South America,Brazil,BR,Amazonas,,,,,,2461_35d999-a86eb/crop_C03_2024-07-12_08-46-16_-2-966059_-60-73738983333333_CROPNUMBER_4_UUID_2461_35d999-a86eb.png
41,Raft-3/Insect/24,MachineObservation,,2024-07-11 20:40:20,Diptera--,Animalia,Arthropoda,Insecta,Diptera,,,,Order,AI,"Multiple Insect Segmentation, Tracking and Hierarchical Classification",0.6365000000000001,Human,,2024-07-11,ICZN,215,144,observations,-2.9661083333333336,-60.73732816666666,WGS84,,"-2.96610833333333,-60.7373281666667",decimal degrees,Brazil,South America,Brazil,BR,Amazonas,,,,"Detected at multiple rafts: [1, 2, 3]",,742_34b440-5c71d/crop_C03_2024-07-12_00-40-20_-2-9661083333333336_-60-737328166666664_CROPNUMBER_83_UUID_742_34b440-5c71d.png
42,Raft-3/Insect/25,MachineObservation,,2024-07-12 05:34:17,Disclisioprocta-stellata-Guene_1857,Animalia,Arthropoda,Insecta,Lepidoptera,Geometridae,Disclisioprocta,Disclisioprocta stellata,Species,AI,"Multiple Insect Segmentation, Tracking and Hierarchical Classification",0.281,Human,,2024-07-12,ICZN,1,144,observations,-2.9660273333333333,-60.7373565,WGS84,,"-2.96602733333333,-60.7373565",decimal degrees,Brazil,South America,Brazil,BR,Amazonas,,,,,,2631_c088cc-6fb1e/crop_C03_2024-07-12_09-34-17_-2-9660273333333333_-60-7373565_CROPNUMBER_0_UUID_2631_c088cc-6fb1e.png
43,Raft-2/Insect/11,MachineObservation,,2024-07-11 19:23:10,Dolichopodidae--,Animalia,Arthropoda,Insecta,Diptera,Dolichopodidae,,,Family,AI,"Multiple Insect Segmentation, Tracking and Hierarchical Classification",0.404,Human,,2024-07-11,ICZN,10,53,observations,-2.9656911666666668,-60.73989066666667,WGS84,,"-2.96569116666667,-60.7398906666667",decimal degrees,Brazil,South America,Brazil,BR,Amazonas,,,,"Detected at multiple rafts: [1, 2, 3]",,514_87ff89-d798a/crop_C02_2024-07-11_23-23-10_-2-9656911666666668_-60-73989066666667_CROPNUMBER_37_UUID_514_87ff89-d798a.png
44,Raft-2/Insect/12,MachineObservation,,2024-07-11 19:34:22,Drosophila--Fallen_1823,Animalia,Arthropoda,Insecta,Diptera,Drosophilidae,Drosophila,,Genus,AI,"Multiple Insect Segmentation, Tracking and Hierarchical Classification",0.3505,Human,,2024-07-11,ICZN,143,53,observations,-2.9656486666666666,-60.73991216666667,WGS84,,"-2.96564866666667,-60.7399121666667",decimal degrees,Brazil,South America,Brazil,BR,Amazonas,,,,"Detected at multiple rafts: [1, 2, 3]",,554_375f99-a3352/crop_C02_2024-07-11_23-34-22_-2-9656486666666666_-60-73991216666667_CROPNUMBER_97_UUID_554_375f99-a3352.png
45,Raft-2/Insect/13,MachineObservation,,2024-07-11 18:48:03,Drosophilidae--,Animalia,Arthropoda,Insecta,Diptera,Drosophilidae,,,Family,AI,"Multiple Insect Segmentation, Tracking and Hierarchical Classification",0.318,Human,,2024-07-11,ICZN,1,53,observations,-2.9657091666666666,-60.73988033333333,WGS84,,"-2.96570916666667,-60.7398803333333",decimal degrees,Brazil,South America,Brazil,BR,Amazonas,,,,,,388_ce28d6-65c98/crop_C02_2024-07-11_22-48-03_-2-9657091666666666_-60-73988033333333_CROPNUMBER_82_UUID_388_ce28d6-65c98.png
46,Raft-3/Insect/26,MachineObservation,,2024-07-11 20:50:31,Elasmopalpus-lignosella-Zeller_1848,Animalia,Arthropoda,Insecta,Lepidoptera,Pyralidae,Elasmopalpus,Elasmopalpus lignosella,Species,AI,"Multiple Insect Segmentation, Tracking and Hierarchical Classification",0.262,Human,,2024-07-11,ICZN,1,144,observations,-2.9660811666666667,-60.73737583333333,WGS84,,"-2.96608116666667,-60.7373758333333",decimal degrees,Brazil,South America,Brazil,BR,Amazonas,,,,,,778_2ec225-70c9c/crop_C03_2024-07-12_00-50-31_-2-9660811666666667_-60-73737583333333_CROPNUMBER_165_UUID_778_2ec225-70c9c.png
47,Raft-3/Insect/27,MachineObservation,,2024-07-12 04:37:46,Ephydridae--,Animalia,Arthropoda,Insecta,Diptera,Ephydridae,,,Family,AI,"Multiple Insect Segmentation, Tracking and Hierarchical Classification",0.252,Human,,2024-07-12,ICZN,1,144,observations,-2.9661441666666666,-60.73737666666667,WGS84,,"-2.96614416666667,-60.7373766666667",decimal degrees,Brazil,South America,Brazil,BR,Amazonas,,,,,,2431_8d89a3-28a55/crop_C03_2024-07-12_08-37-46_-2-9661441666666666_-60-73737666666667_CROPNUMBER_9_UUID_2431_8d89a3-28a55.png
48,Raft-3/Insect/28,MachineObservation,,2024-07-12 06:13:03,Erebidae--,Animalia,Arthropoda,Insecta,Lepidoptera,Erebidae,,,Family,AI,"Multiple Insect Segmentation, Tracking and Hierarchical Classification",0.2665,Human,,2024-07-12,ICZN,11,144,observations,-2.966054166666667,-60.73739716666667,WGS84,,"-2.96605416666667,-60.7373971666667",decimal degrees,Brazil,South America,Brazil,BR,Amazonas,,,,"Detected at multiple rafts: [2, 3]",,2768_119cca-1f90f/crop_C03_2024-07-12_10-13-03_-2-966054166666667_-60-73739716666667_CROPNUMBER_0_UUID_2768_119cca-1f90f.png
49,Raft-3/Insect/29,MachineObservation,,2024-07-12 05:02:05,Eremnophila-aureonotata-Cameron_1888,Animalia,Arthropoda,Insecta,Hymenoptera,Sphecidae,Eremnophila,Eremnophila aureonotata,Species,AI,"Multiple Insect Segmentation, Tracking and Hierarchical Classification",0.393,Human,,2024-07-12,ICZN,1,144,observations,-2.966097,-60.73736316666667,WGS84,,"-2.966097,-60.7373631666667",decimal degrees,Brazil,South America,Brazil,BR,Amazonas,,,,,,2517_4793da-7ee9f/crop_C03_2024-07-12_09-02-05_-2-966097_-60-73736316666667_CROPNUMBER_0_UUID_2517_4793da-7ee9f.png
50,Raft-3/Insect/30,MachineObservation,,2024-07-12 04:36:38,Erinnyis-obscura-Fabricius_1775,Animalia,Arthropoda,Insecta,Lepidoptera,Sphingidae,Erinnyis,Erinnyis obscura,Species,AI,"Multiple Insect Segmentation, Tracking and Hierarchical Classification",0.527,Human,,2024-07-12,ICZN,2,144,observations,-2.965996,-60.737396,WGS84,,"-2.965996,-60.737396",decimal degrees,Brazil,South America,Brazil,BR,Amazonas,,,,,,2427_a4376c-c9400/crop_C03_2024-07-12_08-36-38_-2-965996_-60-737396_CROPNUMBER_2_UUID_2427_a4376c-c9400.png
51,Raft-3/Insect/31,MachineObservation,,2024-07-11 18:48:00,Erioptera-parva-Osten_Sacken_1859,Animalia,Arthropoda,Insecta,Diptera,Limoniidae,Erioptera,Erioptera parva,Species,AI,"Multiple Insect Segmentation, Tracking and Hierarchical Classification",0.26,Human,,2024-07-11,ICZN,1,144,observations,-2.966034,-60.73765216666666,WGS84,,"-2.966034,-60.7376521666667",decimal degrees,Brazil,South America,Brazil,BR,Amazonas,,,,,,344_9b5c6b-6a5f1/crop_C03_2024-07-11_22-48-00_-2-966034_-60-73765216666666_CROPNUMBER_143_UUID_344_9b5c6b-6a5f1.png
52,Raft-3/Insect/32,MachineObservation,,2024-07-12 06:18:09,Eudesmia-menea-Drury_1782,Animalia,Arthropoda,Insecta,Lepidoptera,Erebidae,Eudesmia,Eudesmia menea,Species,AI,"Multiple Insect Segmentation, Tracking and Hierarchical Classification",0.2555384615384615,Human,,2024-07-12,ICZN,7,144,observations,-2.9661698333333333,-60.73735333333333,WGS84,,"-2.96616983333333,-60.7373533333333",decimal degrees,Brazil,South America,Brazil,BR,Amazonas,,,,,,2786_bb6369-43edf/crop_C03_2024-07-12_10-18-09_-2-9661698333333333_-60-73735333333333_CROPNUMBER_0_UUID_2786_bb6369-43edf.png
53,Raft-3/Insect/33,MachineObservation,,2024-07-11 19:36:16,Eulachnus-rileyi-Williams_1911,Animalia,Arthropoda,Insecta,Hemiptera,Aphididae,Eulachnus,Eulachnus rileyi,Species,AI,"Multiple Insect Segmentation, Tracking and Hierarchical Classification",0.377,Human,,2024-07-11,ICZN,2,144,observations,-2.966016,-60.737480833333336,WGS84,,"-2.966016,-60.7374808333333",decimal degrees,Brazil,South America,Brazil,BR,Amazonas,,,,,,515_09a1c5-caa0a/crop_C03_2024-07-11_23-36-16_-2-9660159999999998_-60-737480833333336_CROPNUMBER_31_UUID_515_09a1c5-caa0a.png
54,Raft-3/Insect/34,MachineObservation,,2024-07-12 01:51:18,Eulepidotis--Hbner_1823,Animalia,Arthropoda,Insecta,Lepidoptera,Erebidae,Eulepidotis,,Genus,AI,"Multiple Insect Segmentation, Tracking and Hierarchical Classification",0.301,Human,,2024-07-12,ICZN,3,144,observations,-2.9660701666666665,-60.73739166666667,WGS84,,"-2.96607016666667,-60.7373916666667",decimal degrees,Brazil,South America,Brazil,BR,Amazonas,,,,,,1842_8270e9-41559/crop_C03_2024-07-12_05-51-18_-2-9660701666666665_-60-73739166666667_CROPNUMBER_38_UUID_1842_8270e9-41559.png
55,Raft-3/Insect/35,MachineObservation,,2024-07-12 03:52:12,Eulepidotis-juncida-Guene_1852,Animalia,Arthropoda,Insecta,Lepidoptera,Erebidae,Eulepidotis,Eulepidotis juncida,Species,AI,"Multiple Insect Segmentation, Tracking and Hierarchical Classification",0.26,Human,,2024-07-12,ICZN,1,144,observations,-2.966101833333333,-60.7373605,WGS84,,"-2.96610183333333,-60.7373605",decimal degrees,Brazil,South America,Brazil,BR,Amazonas,,,,,,2270_4f93d8-d3ba6/crop_C03_2024-07-12_07-52-12_-2-966101833333333_-60-7373605_CROPNUMBER_5_UUID_2270_4f93d8-d3ba6.png
56,Raft-3/Insect/36,MachineObservation,,2024-07-12 06:11:38,Eulepidotis-rectimargo-Guene_1852,Animalia,Arthropoda,Insecta,Lepidoptera,Erebidae,Eulepidotis,Eulepidotis rectimargo,Species,AI,"Multiple Insect Segmentation, Tracking and Hierarchical Classification",0.4045172413793103,Human,,2024-07-12,ICZN,28,144,observations,-2.9661135,-60.7372665,WGS84,,"-2.9661135,-60.7372665",decimal degrees,Brazil,South America,Brazil,BR,Amazonas,,,,"Detected at multiple rafts: [1, 2, 3]",,2763_cf6a3e-bd00b/crop_C03_2024-07-12_10-11-38_-2-9661135_-60-7372665_CROPNUMBER_5_UUID_2763_cf6a3e-bd00b.png
57,Raft-1/Insect/9,MachineObservation,,2024-07-11 21:18:56,Euperilampus-triangularis-Say_1829,Animalia,Arthropoda,Insecta,Hymenoptera,Perilampidae,Euperilampus,Euperilampus triangularis,Species,AI,"Multiple Insect Segmentation, Tracking and Hierarchical Classification",0.387,Human,,2024-07-11,ICZN,3,58,observations,-2.9664503333333334,-60.742543833333336,WGS84,,"-2.96645033333333,-60.7425438333333",decimal degrees,Brazil,South America,Brazil,BR,Amazonas,,,,,,1009_24f031-0ff15/crop_C01_2024-07-12_01-18-56_-2-9664503333333334_-60-742543833333336_CROPNUMBER_46_UUID_1009_24f031-0ff15.png
58,Raft-3/Insect/37,MachineObservation,,2024-07-11 19:14:32,Euplatypus-compositus-Say__T_1824,Animalia,Arthropoda,Insecta,Coleoptera,Curculionidae,Euplatypus,Euplatypus compositus,Species,AI,"Multiple Insect Segmentation, Tracking and Hierarchical Classification",0.926,Human,,2024-07-11,ICZN,126,144,observations,-2.9660215,-60.73740866666667,WGS84,,"-2.9660215,-60.7374086666667",decimal degrees,Brazil,South America,Brazil,BR,Amazonas,,,,"Detected at multiple rafts: [1, 2, 3]",,438_2dd88d-8af72/crop_C03_2024-07-11_23-14-32_-2-9660215_-60-73740866666667_CROPNUMBER_121_UUID_438_2dd88d-8af72.png
59,Raft-3/Insect/38,MachineObservation,,2024-07-11 20:51:55,Evania-appendigaster-Linnaeus_1758,Animalia,Arthropoda,Insecta,Diptera,Culicidae,Evania,Evania appendigaster,Species,AI,"Multiple Insect Segmentation, Tracking and Hierarchical Classification",0.33,Human,,2024-07-11,ICZN,2,144,observations,-2.9661285,-60.73734133333333,WGS84,,"-2.9661285,-60.7373413333333",decimal degrees,Brazil,South America,Brazil,BR,Amazonas,,,,"Detected at multiple rafts: [2, 3]",,783_d899fa-8b1e7/crop_C03_2024-07-12_00-51-55_-2-9661285_-60-73734133333333_CROPNUMBER_93_UUID_783_d899fa-8b1e7.png
60,Raft-2/Insect/14,MachineObservation,,2024-07-12 00:05:42,Evenus-regalis-Cramer_1779,Animalia,Arthropoda,Insecta,Lepidoptera,Lycaenidae,Evenus,Evenus regalis,Species,AI,"Multiple Insect Segmentation, Tracking and Hierarchical Classification",0.32,Human,,2024-07-12,ICZN,1,53,observations,-2.9657105,-60.73986333333333,WGS84,,"-2.9657105,-60.7398633333333",decimal degrees,Brazil,South America,Brazil,BR,Amazonas,,,,,,1526_d0ded7-085fc/crop_C02_2024-07-12_04-05-42_-2-9657105_-60-73986333333333_CROPNUMBER_2_UUID_1526_d0ded7-085fc.png
61,Raft-3/Insect/39,MachineObservation,,2024-07-12 01:19:02,Feigeria-scops-,Animalia,Arthropoda,Insecta,Lepidoptera,Erebidae,Feigeria,Feigeria scops,Species,AI,"Multiple Insect Segmentation, Tracking and Hierarchical Classification",0.309,Human,,2024-07-12,ICZN,3,144,observations,0.0,0.0,WGS84,,"0,0",decimal degrees,Brazil,South America,Brazil,BR,Amazonas,,,,,,1728_c31fe8-36933/crop_C03_2024-07-12_05-19-02_0-0_0-0_CROPNUMBER_91_UUID_1728_c31fe8-36933.png
62,Raft-2/Insect/15,MachineObservation,,2024-07-12 06:46:24,Formicidae--,Animalia,Arthropoda,Insecta,Hymenoptera,Formicidae,,,Family,AI,"Multiple Insect Segmentation, Tracking and Hierarchical Classification",0.5427500000000001,Human,,2024-07-12,ICZN,411,53,observations,-2.9656741666666666,-60.7398995,WGS84,,"-2.96567416666667,-60.7398995",decimal degrees,Brazil,South America,Brazil,BR,Amazonas,,,,"Detected at multiple rafts: [1, 2, 3]",,2956_ee6c7f-bcdae/crop_C02_2024-07-12_10-46-24_-2-9656741666666666_-60-7398995_CROPNUMBER_0_UUID_2956_ee6c7f-bcdae.png
63,Raft-2/Insect/16,MachineObservation,,2024-07-12 03:44:04,Geometridae--,Animalia,Arthropoda,Insecta,Lepidoptera,Geometridae,,,Family,AI,"Multiple Insect Segmentation, Tracking and Hierarchical Classification",0.486,Human,,2024-07-12,ICZN,39,53,observations,-2.965679,-60.73990616666666,WGS84,,"-2.965679,-60.7399061666667",decimal degrees,Brazil,South America,Brazil,BR,Amazonas,,,,"Detected at multiple rafts: [2, 3]",,2306_d075dd-cfa5c/crop_C02_2024-07-12_07-44-04_-2-9656789999999997_-60-739906166666664_CROPNUMBER_6_UUID_2306_d075dd-cfa5c.png
64,Raft-2/Insect/17,MachineObservation,,2024-07-11 20:04:57,Gryllidae--,Animalia,Arthropoda,Insecta,Orthoptera,Gryllidae,,,Family,AI,"Multiple Insect Segmentation, Tracking and Hierarchical Classification",0.281,Human,,2024-07-11,ICZN,1,53,observations,-2.965669666666667,-60.739877666666665,WGS84,,"-2.96566966666667,-60.7398776666667",decimal degrees,Brazil,South America,Brazil,BR,Amazonas,,,,,,664_0aa6b1-319d5/crop_C02_2024-07-12_00-04-57_-2-965669666666667_-60-739877666666665_CROPNUMBER_334_UUID_664_0aa6b1-319d5.png
65,Raft-3/Insect/40,MachineObservation,,2024-07-11 19:19:37,Hemiptera--,Animalia,Arthropoda,Insecta,Hemiptera,,,,Order,AI,"Multiple Insect Segmentation, Tracking and Hierarchical Classification",0.664,Human,,2024-07-11,ICZN,49,144,observations,-2.9660486666666666,-60.737409666666665,WGS84,,"-2.96604866666667,-60.7374096666667",decimal degrees,Brazil,South America,Brazil,BR,Amazonas,,,,"Detected at multiple rafts: [1, 2, 3]",,456_3b0306-17507/crop_C03_2024-07-11_23-19-37_-2-9660486666666666_-60-737409666666665_CROPNUMBER_162_UUID_456_3b0306-17507.png
66,Raft-3/Insect/41,MachineObservation,,2024-07-11 20:59:00,Hermetia-illucens-Linnaeus_1758,Animalia,Arthropoda,Insecta,Diptera,Stratiomyidae,Hermetia,Hermetia illucens,Species,AI,"Multiple Insect Segmentation, Tracking and Hierarchical Classification",0.264,Human,,2024-07-11,ICZN,1,144,observations,-2.9660881666666667,-60.7373775,WGS84,,"-2.96608816666667,-60.7373775",decimal degrees,Brazil,South America,Brazil,BR,Amazonas,,,,,,808_d4eab7-ab6d5/crop_C03_2024-07-12_00-59-00_-2-9660881666666667_-60-7373775_CROPNUMBER_2_UUID_808_d4eab7-ab6d5.png
67,Raft-3/Insect/42,MachineObservation,,2024-07-12 04:06:38,Herpetogramma-phaeopteralis-Guene_1854,Animalia,Arthropoda,Insecta,Lepidoptera,Crambidae,Herpetogramma,Herpetogramma phaeopteralis,Species,AI,"Multiple Insect Segmentation, Tracking and Hierarchical Classification",0.264,Human,,2024-07-12,ICZN,1,144,observations,-2.9660155,-60.737351833333335,WGS84,,"-2.9660155,-60.7373518333333",decimal degrees,Brazil,South America,Brazil,BR,Amazonas,,,,,,2321_e83581-c9835/crop_C03_2024-07-12_08-06-38_-2-9660155_-60-737351833333335_CROPNUMBER_18_UUID_2321_e83581-c9835.png
68,Raft-3/Insect/43,MachineObservation,,2024-07-12 06:42:09,Hesperiidae--,Animalia,Arthropoda,Insecta,Lepidoptera,Hesperiidae,,,Family,AI,"Multiple Insect Segmentation, Tracking and Hierarchical Classification",0.348,Human,,2024-07-12,ICZN,3,144,observations,-2.9656261666666666,-60.73743133333333,WGS84,,"-2.96562616666667,-60.7374313333333",decimal degrees,Brazil,South America,Brazil,BR,Amazonas,,,,"Detected at multiple rafts: [1, 3]",,2871_b4ff9a-cf23c/crop_C03_2024-07-12_10-42-09_-2-9656261666666666_-60-73743133333333_CROPNUMBER_8_UUID_2871_b4ff9a-cf23c.png
69,Raft-1/Insect/10,MachineObservation,,2024-07-11 19:57:42,Hortensia-similis-Walker_1851,Animalia,Arthropoda,Insecta,Hemiptera,Cicadellidae,Hortensia,Hortensia similis,Species,AI,"Multiple Insect Segmentation, Tracking and Hierarchical Classification",0.258,Human,,2024-07-11,ICZN,1,58,observations,-2.966467333333333,-60.74256,WGS84,,"-2.96646733333333,-60.74256",decimal degrees,Brazil,South America,Brazil,BR,Amazonas,,,,,,719_9d7f65-8ed0b/crop_C01_2024-07-11_23-57-42_-2-966467333333333_-60-74256_CROPNUMBER_162_UUID_719_9d7f65-8ed0b.png
70,Raft-3/Insect/44,MachineObservation,,2024-07-12 02:29:42,Hyalorista-taeniolalis-Guene_1854,Animalia,Arthropoda,Insecta,Lepidoptera,Crambidae,Hyalorista,Hyalorista taeniolalis,Species,AI,"Multiple Insect Segmentation, Tracking and Hierarchical Classification",0.355,Human,,2024-07-12,ICZN,2,144,observations,-2.966364833333333,-60.73774483333333,WGS84,,"-2.96636483333333,-60.7377448333333",decimal degrees,Brazil,South America,Brazil,BR,Amazonas,,,,,,1978_469086-63b67/crop_C03_2024-07-12_06-29-42_-2-9663648333333335_-60-73774483333333_CROPNUMBER_44_UUID_1978_469086-63b67.png
71,Raft-2/Insect/18,MachineObservation,,2024-07-12 02:37:42,Hymenoptera--,Animalia,Arthropoda,Insecta,Hymenoptera,,,,Order,AI,"Multiple Insect Segmentation, Tracking and Hierarchical Classification",0.512,Human,,2024-07-12,ICZN,2,53,observations,-2.9655461666666665,-60.73989566666667,WGS84,,"-2.96554616666667,-60.7398956666667",decimal degrees,Brazil,South America,Brazil,BR,Amazonas,,,,"Detected at multiple rafts: [2, 3]",,2069_ef7662-1f725/crop_C02_2024-07-12_06-37-42_-2-9655461666666665_-60-73989566666667_CROPNUMBER_18_UUID_2069_ef7662-1f725.png
72,Raft-3/Insect/45,MachineObservation,,2024-07-12 03:02:47,Hypsopygia-nostralis-Guene_1854,Animalia,Arthropoda,Insecta,Lepidoptera,Pyralidae,Hypsopygia,Hypsopygia nostralis,Species,AI,"Multiple Insect Segmentation, Tracking and Hierarchical Classification",0.391,Human,,2024-07-12,ICZN,10,144,observations,-2.9661686666666665,-60.737302666666665,WGS84,,"-2.96616866666667,-60.7373026666667",decimal degrees,Brazil,South America,Brazil,BR,Amazonas,,,,"Detected at multiple rafts: [2, 3]",,2095_3a7038-04dea/crop_C03_2024-07-12_07-02-47_-2-9661686666666665_-60-737302666666665_CROPNUMBER_0_UUID_2095_3a7038-04dea.png
73,Raft-3/Insect/46,MachineObservation,,2024-07-11 19:52:23,Ichneumonidae--,Animalia,Arthropoda,Insecta,Hymenoptera,Ichneumonidae,,,Family,AI,"Multiple Insect Segmentation, Tracking and Hierarchical Classification",0.318,Human,,2024-07-11,ICZN,1,144,observations,-2.966077333333333,-60.73735933333333,WGS84,,"-2.96607733333333,-60.7373593333333",decimal degrees,Brazil,South America,Brazil,BR,Amazonas,,,,,,572_18a45e-558b4/crop_C03_2024-07-11_23-52-23_-2-9660773333333332_-60-73735933333333_CROPNUMBER_201_UUID_572_18a45e-558b4.png
74,Raft-2/Insect/19,MachineObservation,,2024-07-12 03:20:12,Idaea-inversata-Guene,Animalia,Arthropoda,Insecta,Lepidoptera,Geometridae,Idaea,Idaea inversata,Species,AI,"Multiple Insect Segmentation, Tracking and Hierarchical Classification",0.336,Human,,2024-07-12,ICZN,2,53,observations,-2.9656855,-60.739853333333336,WGS84,,"-2.9656855,-60.7398533333333",decimal degrees,Brazil,South America,Brazil,BR,Amazonas,,,,,,2221_6ba1c3-99107/crop_C02_2024-07-12_07-20-12_-2-9656855_-60-739853333333336_CROPNUMBER_0_UUID_2221_6ba1c3-99107.png
75,Raft-3/Insect/47,MachineObservation,,2024-07-11 18:43:46,Ischnoptera-bilunata-Saussure_1869,Animalia,Arthropoda,Insecta,Blattodea,Ectobiidae,Ischnoptera,Ischnoptera bilunata,Species,AI,"Multiple Insect Segmentation, Tracking and Hierarchical Classification",0.312,Human,,2024-07-11,ICZN,1,144,observations,-2.966095,-60.73772266666667,WGS84,,"-2.966095,-60.7377226666667",decimal degrees,Brazil,South America,Brazil,BR,Amazonas,,,,,,329_75ff69-f7f68/crop_C03_2024-07-11_22-43-46_-2-966095_-60-73772266666667_CROPNUMBER_86_UUID_329_75ff69-f7f68.png
76,Raft-1/Insect/11,MachineObservation,,2024-07-11 21:11:58,Lepidoptera--,Animalia,Arthropoda,Insecta,Lepidoptera,,,,Order,AI,"Multiple Insect Segmentation, Tracking and Hierarchical Classification",0.4195,Human,,2024-07-11,ICZN,297,58,observations,-2.9664566666666667,-60.74251616666667,WGS84,,"-2.96645666666667,-60.7425161666667",decimal degrees,Brazil,South America,Brazil,BR,Amazonas,,,,"Detected at multiple rafts: [1, 2, 3]",,984_24307f-d9a11/crop_C01_2024-07-12_01-11-58_-2-9664566666666667_-60-74251616666667_CROPNUMBER_36_UUID_984_24307f-d9a11.png
77,Raft-2/Insect/20,MachineObservation,,2024-07-11 20:24:06,Lepisma-saccharinum-Linnaeus_1758,Animalia,Arthropoda,Insecta,Zygentoma,Lepismatidae,Lepisma,Lepisma saccharinum,Species,AI,"Multiple Insect Segmentation, Tracking and Hierarchical Classification",0.367,Human,,2024-07-11,ICZN,2,53,observations,-2.965669166666667,-60.7398715,WGS84,,"-2.96566916666667,-60.7398715",decimal degrees,Brazil,South America,Brazil,BR,Amazonas,,,,"Detected at multiple rafts: [2, 3]",,733_d31044-40c13/crop_C02_2024-07-12_00-24-06_-2-965669166666667_-60-7398715_CROPNUMBER_212_UUID_733_d31044-40c13.png
78,Raft-2/Insect/21,MachineObservation,,2024-07-11 18:51:56,Libellulidae--,Animalia,Arthropoda,Insecta,Odonata,Libellulidae,,,Family,AI,"Multiple Insect Segmentation, Tracking and Hierarchical Classification",0.539,Human,,2024-07-11,ICZN,8,53,observations,-2.9656895,-60.739877666666665,WGS84,,"-2.9656895,-60.7398776666667",decimal degrees,Brazil,South America,Brazil,BR,Amazonas,,,,"Detected at multiple rafts: [2, 3]",,402_46e196-27451/crop_C02_2024-07-11_22-51-56_-2-9656895_-60-739877666666665_CROPNUMBER_300_UUID_402_46e196-27451.png
79,Raft-3/Insect/48,MachineObservation,,2024-07-12 00:21:39,Limacodidae--,Animalia,Arthropoda,Insecta,Lepidoptera,Limacodidae,,,Family,AI,"Multiple Insect Segmentation, Tracking and Hierarchical Classification",0.3235,Human,,2024-07-12,ICZN,11,144,observations,0.0,0.0,WGS84,,"0,0",decimal degrees,Brazil,South America,Brazil,BR,Amazonas,,,,,,1525_c94c53-fcc59/crop_C03_2024-07-12_04-21-39_0-0_0-0_CROPNUMBER_6_UUID_1525_c94c53-fcc59.png
80,Raft-2/Insect/22,MachineObservation,,2024-07-11 19:03:25,Lioptilodes-albistriolatus-Zeller_1871,Animalia,Arthropoda,Insecta,Lepidoptera,Pterophoridae,Lioptilodes,Lioptilodes albistriolatus,Species,AI,"Multiple Insect Segmentation, Tracking and Hierarchical Classification",0.535,Human,,2024-07-11,ICZN,17,53,observations,-2.965676,-60.73991883333333,WGS84,,"-2.965676,-60.7399188333333",decimal degrees,Brazil,South America,Brazil,BR,Amazonas,,,,"Detected at multiple rafts: [1, 2, 3]",,443_ba3486-420c4/crop_C02_2024-07-11_23-03-25_-2-965676_-60-739918833333334_CROPNUMBER_378_UUID_443_ba3486-420c4.png
81,Raft-3/Insect/49,MachineObservation,,2024-07-11 21:05:31,Litargus--Erichson_1846,Animalia,Arthropoda,Insecta,Coleoptera,Mycetophagidae,Litargus,,Genus,AI,"Multiple Insect Segmentation, Tracking and Hierarchical Classification",0.26,Human,,2024-07-11,ICZN,1,144,observations,-2.966101333333333,-60.737378,WGS84,,"-2.96610133333333,-60.737378",decimal degrees,Brazil,South America,Brazil,BR,Amazonas,,,,,,831_5eec56-7340f/crop_C03_2024-07-12_01-05-31_-2-9661013333333335_-60-737378_CROPNUMBER_161_UUID_831_5eec56-7340f.png
82,Raft-3/Insect/50,MachineObservation,,2024-07-11 19:02:57,Litargus-balteatus-LeConte_1856,Animalia,Arthropoda,Insecta,Coleoptera,Mycetophagidae,Litargus,Litargus balteatus,Species,AI,"Multiple Insect Segmentation, Tracking and Hierarchical Classification",0.289,Human,,2024-07-11,ICZN,1,144,observations,-2.965997333333333,-60.7374555,WGS84,,"-2.96599733333333,-60.7374555",decimal degrees,Brazil,South America,Brazil,BR,Amazonas,,,,,,397_bf397a-7104c/crop_C03_2024-07-11_23-02-57_-2-965997333333333_-60-7374555_CROPNUMBER_96_UUID_397_bf397a-7104c.png
83,Raft-3/Insect/51,MachineObservation,,2024-07-11 18:59:34,Litargus-tetraspilotus-LeConte_1856,Animalia,Arthropoda,Insecta,Coleoptera,Mycetophagidae,Litargus,Litargus tetraspilotus,Species,AI,"Multiple Insect Segmentation, Tracking and Hierarchical Classification",0.316,Human,,2024-07-11,ICZN,4,144,observations,-2.9661006666666667,-60.737356166666665,WGS84,,"-2.96610066666667,-60.7373561666667",decimal degrees,Brazil,South America,Brazil,BR,Amazonas,,,,,,385_05512a-f9c24/crop_C03_2024-07-11_22-59-34_-2-9661006666666667_-60-737356166666665_CROPNUMBER_88_UUID_385_05512a-f9c24.png
84,Raft-2/Insect/23,MachineObservation,,2024-07-11 20:26:54,Lonchoptera-bifurcata-Falln_1810,Animalia,Arthropoda,Insecta,Diptera,Culicidae,Lonchoptera,Lonchoptera bifurcata,Species,AI,"Multiple Insect Segmentation, Tracking and Hierarchical Classification",0.266,Human,,2024-07-11,ICZN,2,53,observations,-2.965679166666667,-60.739879,WGS84,,"-2.96567916666667,-60.739879",decimal degrees,Brazil,South America,Brazil,BR,Amazonas,,,,,,743_a7da02-8372f/crop_C02_2024-07-12_00-26-54_-2-965679166666667_-60-739879_CROPNUMBER_263_UUID_743_a7da02-8372f.png
85,Raft-3/Insect/52,MachineObservation,,2024-07-12 01:33:27,Lycaenidae--,Animalia,Arthropoda,Insecta,Lepidoptera,Lycaenidae,,,Family,AI,"Multiple Insect Segmentation, Tracking and Hierarchical Classification",0.688,Human,,2024-07-12,ICZN,19,144,observations,0.0,0.0,WGS84,,"0,0",decimal degrees,Brazil,South America,Brazil,BR,Amazonas,,,,"Detected at multiple rafts: [1, 2, 3]",,1779_cd895c-001dc/crop_C03_2024-07-12_05-33-27_0-0_0-0_CROPNUMBER_4_UUID_1779_cd895c-001dc.png
86,Raft-2/Insect/24,MachineObservation,,2024-07-12 06:01:24,Macrosoma-rubedinaria-Walker_1862,Animalia,Arthropoda,Insecta,Lepidoptera,Hedylidae,Macrosoma,Macrosoma rubedinaria,Species,AI,"Multiple Insect Segmentation, Tracking and Hierarchical Classification",0.357,Human,,2024-07-12,ICZN,3,53,observations,-2.965693,-60.739897166666665,WGS84,,"-2.965693,-60.7398971666667",decimal degrees,Brazil,South America,Brazil,BR,Amazonas,,,,"Detected at multiple rafts: [2, 3]",,2796_7c62af-22800/crop_C02_2024-07-12_10-01-24_-2-965693_-60-739897166666665_CROPNUMBER_3_UUID_2796_7c62af-22800.png
87,Raft-2/Insect/25,MachineObservation,,2024-07-11 20:06:37,Malacopterus-tenellus-Fabricius_1801,Animalia,Arthropoda,Insecta,Coleoptera,Cerambycidae,Malacopterus,Malacopterus tenellus,Species,AI,"Multiple Insect Segmentation, Tracking and Hierarchical Classification",0.289,Human,,2024-07-11,ICZN,1,53,observations,-2.9656838333333333,-60.73989,WGS84,,"-2.96568383333333,-60.73989",decimal degrees,Brazil,South America,Brazil,BR,Amazonas,,,,,,670_2320d0-3f60c/crop_C02_2024-07-12_00-06-37_-2-9656838333333333_-60-73989_CROPNUMBER_46_UUID_670_2320d0-3f60c.png
88,Raft-3/Insect/53,MachineObservation,,2024-07-11 20:25:39,Mansonia-titillans-Walker_1848,Animalia,Arthropoda,Insecta,Diptera,Culicidae,Mansonia,Mansonia titillans,Species,AI,"Multiple Insect Segmentation, Tracking and Hierarchical Classification",0.297,Human,,2024-07-11,ICZN,2,144,observations,-2.9660586666666666,-60.737154,WGS84,,"-2.96605866666667,-60.737154",decimal degrees,Brazil,South America,Brazil,BR,Amazonas,,,,"Detected at multiple rafts: [1, 3]",,690_eb6786-5f1ed/crop_C03_2024-07-12_00-25-39_-2-9660586666666666_-60-737154_CROPNUMBER_190_UUID_690_eb6786-5f1ed.png
89,Raft-1/Insect/12,MachineObservation,,2024-07-11 19:30:35,Megalopygidae--,Animalia,Arthropoda,Insecta,Lepidoptera,Megalopygidae,,,Family,AI,"Multiple Insect Segmentation, Tracking and Hierarchical Classification",0.299,Human,,2024-07-11,ICZN,1,58,observations,-2.966426333333333,-60.742546833333336,WGS84,,"-2.96642633333333,-60.7425468333333",decimal degrees,Brazil,South America,Brazil,BR,Amazonas,,,,,,622_9cf88e-a785e/crop_C01_2024-07-11_23-30-35_-2-966426333333333_-60-742546833333336_CROPNUMBER_175_UUID_622_9cf88e-a785e.png
90,Raft-3/Insect/54,MachineObservation,,2024-07-11 21:55:04,Melalgus-plicatus-LeConte_1874,Animalia,Arthropoda,Insecta,Coleoptera,Bostrichidae,Melalgus,Melalgus plicatus,Species,AI,"Multiple Insect Segmentation, Tracking and Hierarchical Classification",0.463,Human,,2024-07-11,ICZN,6,144,observations,0.0,0.0,WGS84,,"0,0",decimal degrees,Brazil,South America,Brazil,BR,Amazonas,,,,"Detected at multiple rafts: [1, 3]",,1006_da86ee-3e2cd/crop_C03_2024-07-12_01-55-04_0-0_0-0_CROPNUMBER_119_UUID_1006_da86ee-3e2cd.png
91,Raft-3/Insect/55,MachineObservation,,2024-07-11 22:04:58,Mesovelia-mulsanti-White_1879,Animalia,Arthropoda,Insecta,Hemiptera,Mesoveliidae,Mesovelia,Mesovelia mulsanti,Species,AI,"Multiple Insect Segmentation, Tracking and Hierarchical Classification",0.275,Human,,2024-07-11,ICZN,2,144,observations,0.0,0.0,WGS84,,"0,0",decimal degrees,Brazil,South America,Brazil,BR,Amazonas,,,,"Detected at multiple rafts: [1, 3]",,1041_bac2cd-31f44/crop_C03_2024-07-12_02-04-58_0-0_0-0_CROPNUMBER_17_UUID_1041_bac2cd-31f44.png
92,Raft-3/Insect/56,MachineObservation,,2024-07-11 22:58:03,Microtechnites-bractatus-Say_1832,Animalia,Arthropoda,Insecta,Hemiptera,Miridae,Microtechnites,Microtechnites bractatus,Species,AI,"Multiple Insect Segmentation, Tracking and Hierarchical Classification",0.609,Human,,2024-07-11,ICZN,3,144,observations,0.0,0.0,WGS84,,"0,0",decimal degrees,Brazil,South America,Brazil,BR,Amazonas,,,,"Detected at multiple rafts: [1, 3]",,1229_a1a130-98612/crop_C03_2024-07-12_02-58-03_0-0_0-0_CROPNUMBER_21_UUID_1229_a1a130-98612.png
93,Raft-1/Insect/13,MachineObservation,,2024-07-11 19:33:03,Monellia-caryella-Fitch_1855,Animalia,Arthropoda,Insecta,Hemiptera,Aphididae,Monellia,Monellia caryella,Species,AI,"Multiple Insect Segmentation, Tracking and Hierarchical Classification",0.551,Human,,2024-07-11,ICZN,1,58,observations,-2.966452666666666,-60.742535,WGS84,,"-2.96645266666667,-60.742535",decimal degrees,Brazil,South America,Brazil,BR,Amazonas,,,,,,631_e835c1-9b459/crop_C01_2024-07-11_23-33-03_-2-9664526666666666_-60-742535_CROPNUMBER_440_UUID_631_e835c1-9b459.png
94,Raft-2/Insect/26,MachineObservation,,2024-07-11 20:12:10,Mycetophagidae--,Animalia,Arthropoda,Insecta,Coleoptera,Mycetophagidae,,,Family,AI,"Multiple Insect Segmentation, Tracking and Hierarchical Classification",0.289,Human,,2024-07-11,ICZN,5,53,observations,-2.965624,-60.739939166666666,WGS84,,"-2.965624,-60.7399391666667",decimal degrees,Brazil,South America,Brazil,BR,Amazonas,,,,"Detected at multiple rafts: [1, 2, 3]",,690_3a3ce1-2ddd0/crop_C02_2024-07-12_00-12-10_-2-965624_-60-739939166666666_CROPNUMBER_201_UUID_690_3a3ce1-2ddd0.png
95,Raft-2/Insect/27,MachineObservation,,2024-07-11 19:35:29,Myrmeleontidae--,Animalia,Arthropoda,Insecta,Neuroptera,Myrmeleontidae,,,Family,AI,"Multiple Insect Segmentation, Tracking and Hierarchical Classification",0.395,Human,,2024-07-11,ICZN,8,53,observations,-2.9656743333333333,-60.739898,WGS84,,"-2.96567433333333,-60.739898",decimal degrees,Brazil,South America,Brazil,BR,Amazonas,,,,"Detected at multiple rafts: [2, 3]",,558_82af12-c8417/crop_C02_2024-07-11_23-35-29_-2-9656743333333333_-60-739898_CROPNUMBER_77_UUID_558_82af12-c8417.png
96,Raft-3/Insect/57,MachineObservation,,2024-07-12 01:33:27,Niphograpta-albiguttalis-Warren_1889,Animalia,Arthropoda,Insecta,Lepidoptera,Crambidae,Niphograpta,Niphograpta albiguttalis,Species,AI,"Multiple Insect Segmentation, Tracking and Hierarchical Classification",0.377,Human,,2024-07-12,ICZN,2,144,observations,0.0,0.0,WGS84,,"0,0",decimal degrees,Brazil,South America,Brazil,BR,Amazonas,,,,,,1779_cd895c-001dc/crop_C03_2024-07-12_05-33-27_0-0_0-0_CROPNUMBER_0_UUID_1779_cd895c-001dc.png
97,Raft-2/Insect/28,MachineObservation,,2024-07-12 04:31:00,Noctuidae--,Animalia,Arthropoda,Insecta,Lepidoptera,Noctuidae,,,Family,AI,"Multiple Insect Segmentation, Tracking and Hierarchical Classification",0.633,Human,,2024-07-12,ICZN,42,53,observations,-2.9657115,-60.739931,WGS84,,"-2.9657115,-60.739931",decimal degrees,Brazil,South America,Brazil,BR,Amazonas,,,,"Detected at multiple rafts: [1, 2, 3]",,2474_40b0d2-f01f0/crop_C02_2024-07-12_08-31-00_-2-9657115_-60-739931_CROPNUMBER_2_UUID_2474_40b0d2-f01f0.png
98,Raft-3/Insect/58,MachineObservation,,2024-07-12 02:48:55,Norape-virgo-Butler_1877,Animalia,Arthropoda,Insecta,Lepidoptera,Megalopygidae,Norape,Norape virgo,Species,AI,"Multiple Insect Segmentation, Tracking and Hierarchical Classification",0.271,Human,,2024-07-12,ICZN,1,144,observations,-2.9660813333333333,-60.737417666666666,WGS84,,"-2.96608133333333,-60.7374176666667",decimal degrees,Brazil,South America,Brazil,BR,Amazonas,,,,,,2046_f631b6-6c989/crop_C03_2024-07-12_06-48-55_-2-9660813333333333_-60-737417666666666_CROPNUMBER_26_UUID_2046_f631b6-6c989.png
99,Raft-3/Insect/59,MachineObservation,,2024-07-11 21:27:53,Nusalala-tessellata-Gerstaecker_1888,Animalia,Arthropoda,Insecta,Neuroptera,Hemerobiidae,Nusalala,Nusalala tessellata,Species,AI,"Multiple Insect Segmentation, Tracking and Hierarchical Classification",0.523,Human,,2024-07-11,ICZN,5,144,observations,-2.966307833333333,-60.73745233333333,WGS84,,"-2.96630783333333,-60.7374523333333",decimal degrees,Brazil,South America,Brazil,BR,Amazonas,,,,,,910_d47483-0dd92/crop_C03_2024-07-12_01-27-53_-2-9663078333333335_-60-73745233333333_CROPNUMBER_31_UUID_910_d47483-0dd92.png
100,Raft-2/Insect/29,MachineObservation,,2024-07-11 23:30:33,Nymphalidae--,Animalia,Arthropoda,Insecta,Lepidoptera,Nymphalidae,,,Family,AI,"Multiple Insect Segmentation, Tracking and Hierarchical Classification",0.445,Human,,2024-07-11,ICZN,25,53,observations,-2.9656455,-60.739873,WGS84,,"-2.9656455,-60.739873",decimal degrees,Brazil,South America,Brazil,BR,Amazonas,,,,"Detected at multiple rafts: [2, 3]",,1400_af9982-891ad/crop_C02_2024-07-12_03-30-33_-2-9656455_-60-739873_CROPNUMBER_63_UUID_1400_af9982-891ad.png
101,Raft-2/Insect/30,MachineObservation,,2024-07-11 18:39:56,Oedancala-crassimana-Fabricius_1803,Animalia,Arthropoda,Insecta,Hemiptera,Pachygronthidae,Oedancala,Oedancala crassimana,Species,AI,"Multiple Insect Segmentation, Tracking and Hierarchical Classification",0.44,Human,,2024-07-11,ICZN,10,53,observations,-2.9656795,-60.739894666666665,WGS84,,"-2.9656795,-60.7398946666667",decimal degrees,Brazil,South America,Brazil,BR,Amazonas,,,,"Detected at multiple rafts: [1, 2, 3]",,359_05a101-094b4/crop_C02_2024-07-11_22-39-56_-2-9656795000000002_-60-739894666666665_CROPNUMBER_60_UUID_359_05a101-094b4.png
102,Raft-3/Insect/60,MachineObservation,,2024-07-11 23:00:53,Omonadus-floralis-Linnaeus_1758,Animalia,Arthropoda,Insecta,Coleoptera,Anthicidae,Omonadus,Omonadus floralis,Species,AI,"Multiple Insect Segmentation, Tracking and Hierarchical Classification",0.312,Human,,2024-07-11,ICZN,2,144,observations,0.0,0.0,WGS84,,"0,0",decimal degrees,Brazil,South America,Brazil,BR,Amazonas,,,,,,1239_9425f7-a31a0/crop_C03_2024-07-12_03-00-53_0-0_0-0_CROPNUMBER_49_UUID_1239_9425f7-a31a0.png
103,Raft-2/Insect/31,MachineObservation,,2024-07-11 19:14:15,Oncerotrachelus-acuminatus-Say_1832,Animalia,Arthropoda,Insecta,Hemiptera,Reduviidae,Oncerotrachelus,Oncerotrachelus acuminatus,Species,AI,"Multiple Insect Segmentation, Tracking and Hierarchical Classification",0.422,Human,,2024-07-11,ICZN,1,53,observations,-2.9657015,-60.73990316666666,WGS84,,"-2.9657015,-60.7399031666667",decimal degrees,Brazil,South America,Brazil,BR,Amazonas,,,,,,482_74031c-12903/crop_C02_2024-07-11_23-14-15_-2-9657014999999998_-60-739903166666664_CROPNUMBER_126_UUID_482_74031c-12903.png
104,Raft-2/Insect/32,MachineObservation,,2024-07-11 22:04:30,Orthodes-majuscula-HerrichSchffer_1868,Animalia,Arthropoda,Insecta,Lepidoptera,Noctuidae,Orthodes,Orthodes majuscula,Species,AI,"Multiple Insect Segmentation, Tracking and Hierarchical Classification",0.26,Human,,2024-07-11,ICZN,1,53,observations,-2.9656936666666667,-60.7399005,WGS84,,"-2.96569366666667,-60.7399005",decimal degrees,Brazil,South America,Brazil,BR,Amazonas,,,,,,1092_d2b28a-bf566/crop_C02_2024-07-12_02-04-30_-2-9656936666666667_-60-7399005_CROPNUMBER_28_UUID_1092_d2b28a-bf566.png
105,Raft-3/Insect/61,MachineObservation,,2024-07-12 04:57:34,Orthonama-obstipata-Fabricius_1794,Animalia,Arthropoda,Insecta,Lepidoptera,Geometridae,Orthonama,Orthonama obstipata,Species,AI,"Multiple Insect Segmentation, Tracking and Hierarchical Classification",0.35,Human,,2024-07-12,ICZN,1,144,observations,-2.9661225,-60.7373635,WGS84,,"-2.9661225,-60.7373635",decimal degrees,Brazil,South America,Brazil,BR,Amazonas,,,,,,2501_280f0d-9dfcf/crop_C03_2024-07-12_08-57-34_-2-9661225_-60-7373635_CROPNUMBER_5_UUID_2501_280f0d-9dfcf.png
106,Raft-3/Insect/62,MachineObservation,,2024-07-11 20:33:17,Oxycarenus-hyalinipennis-Costa_1847,Animalia,Arthropoda,Insecta,Hemiptera,Oxycarenidae,Oxycarenus,Oxycarenus hyalinipennis,Species,AI,"Multiple Insect Segmentation, Tracking and Hierarchical Classification",0.268,Human,,2024-07-11,ICZN,1,144,observations,-2.966122,-60.73736666666667,WGS84,,"-2.966122,-60.7373666666667",decimal degrees,Brazil,South America,Brazil,BR,Amazonas,,,,,,717_c74af4-ca392/crop_C03_2024-07-12_00-33-17_-2-966122_-60-73736666666667_CROPNUMBER_28_UUID_717_c74af4-ca392.png
107,Raft-3/Insect/63,MachineObservation,,2024-07-11 22:19:39,Paederus-fuscipes-Curtis_1826,Animalia,Arthropoda,Insecta,Coleoptera,Staphylinidae,Paederus,Paederus fuscipes,Species,AI,"Multiple Insect Segmentation, Tracking and Hierarchical Classification",0.371,Human,,2024-07-11,ICZN,3,144,observations,0.0,0.0,WGS84,,"0,0",decimal degrees,Brazil,South America,Brazil,BR,Amazonas,,,,,,1093_457857-25e33/crop_C03_2024-07-12_02-19-39_0-0_0-0_CROPNUMBER_28_UUID_1093_457857-25e33.png
108,Raft-1/Insect/14,MachineObservation,,2024-07-11 19:56:18,Pantherodes-pardalaria-Hbner_1823,Animalia,Arthropoda,Insecta,Lepidoptera,Geometridae,Pantherodes,Pantherodes pardalaria,Species,AI,"Multiple Insect Segmentation, Tracking and Hierarchical Classification",0.262,Human,,2024-07-11,ICZN,1,58,observations,-2.9664553333333328,-60.742579166666665,WGS84,,"-2.96645533333333,-60.7425791666667",decimal degrees,Brazil,South America,Brazil,BR,Amazonas,,,,,,714_07bf5b-c4ce6/crop_C01_2024-07-11_23-56-18_-2-966455333333333_-60-742579166666665_CROPNUMBER_52_UUID_714_07bf5b-c4ce6.png
109,Raft-3/Insect/64,MachineObservation,,2024-07-12 01:36:34,Paranomala-undulata-Melsheimer_1845,Animalia,Arthropoda,Insecta,Coleoptera,Scarabaeidae,Paranomala,Paranomala undulata,Species,AI,"Multiple Insect Segmentation, Tracking and Hierarchical Classification",0.5715,Human,,2024-07-12,ICZN,8,144,observations,0.0,0.0,WGS84,,"0,0",decimal degrees,Brazil,South America,Brazil,BR,Amazonas,,,,,,1790_b86fcd-669c2/crop_C03_2024-07-12_05-36-34_0-0_0-0_CROPNUMBER_29_UUID_1790_b86fcd-669c2.png
110,Raft-3/Insect/65,MachineObservation,,2024-07-11 22:11:28,Pentatomidae--,Animalia,Arthropoda,Insecta,Hemiptera,Pentatomidae,,,Family,AI,"Multiple Insect Segmentation, Tracking and Hierarchical Classification",0.422,Human,,2024-07-11,ICZN,2,144,observations,0.0,0.0,WGS84,,"0,0",decimal degrees,Brazil,South America,Brazil,BR,Amazonas,,,,"Detected at multiple rafts: [2, 3]",,1064_4b0838-91b61/crop_C03_2024-07-12_02-11-28_0-0_0-0_CROPNUMBER_90_UUID_1064_4b0838-91b61.png
111,Raft-3/Insect/66,MachineObservation,,2024-07-11 22:08:21,Periplaneta-americana-Linnaeus_1758,Animalia,Arthropoda,Insecta,Blattodea,Blattidae,Periplaneta,Periplaneta americana,Species,AI,"Multiple Insect Segmentation, Tracking and Hierarchical Classification",0.266,Human,,2024-07-11,ICZN,1,144,observations,0.0,0.0,WGS84,,"0,0",decimal degrees,Brazil,South America,Brazil,BR,Amazonas,,,,,,1053_e78b4f-292b9/crop_C03_2024-07-12_02-08-21_0-0_0-0_CROPNUMBER_12_UUID_1053_e78b4f-292b9.png
112,Raft-3/Insect/67,MachineObservation,,2024-07-11 22:25:01,Perola-villosipes-Walker_1865,Animalia,Arthropoda,Insecta,Lepidoptera,Limacodidae,Perola,Perola villosipes,Species,AI,"Multiple Insect Segmentation, Tracking and Hierarchical Classification",0.365,Human,,2024-07-11,ICZN,2,144,observations,0.0,0.0,WGS84,,"0,0",decimal degrees,Brazil,South America,Brazil,BR,Amazonas,,,,,,1112_bf771b-466fd/crop_C03_2024-07-12_02-25-01_0-0_0-0_CROPNUMBER_102_UUID_1112_bf771b-466fd.png
113,Raft-2/Insect/33,MachineObservation,,2024-07-12 05:08:05,Phereoeca-uterella-Walsingham_1897,Animalia,Arthropoda,Insecta,Lepidoptera,Tineidae,Phereoeca,Phereoeca uterella,Species,AI,"Multiple Insect Segmentation, Tracking and Hierarchical Classification",0.605,Human,,2024-07-12,ICZN,12,53,observations,-2.965705333333333,-60.73991316666667,WGS84,,"-2.96570533333333,-60.7399131666667",decimal degrees,Brazil,South America,Brazil,BR,Amazonas,,,,"Detected at multiple rafts: [2, 3]",,2606_e2283d-53824/crop_C02_2024-07-12_09-08-05_-2-965705333333333_-60-73991316666667_CROPNUMBER_1_UUID_2606_e2283d-53824.png
114,Raft-2/Insect/34,MachineObservation,,2024-07-11 21:51:40,Phrygionis--Hbner,Animalia,Arthropoda,Insecta,Lepidoptera,Geometridae,Phrygionis,,Genus,AI,"Multiple Insect Segmentation, Tracking and Hierarchical Classification",0.295,Human,,2024-07-11,ICZN,3,53,observations,-2.965683333333333,-60.73990083333333,WGS84,,"-2.96568333333333,-60.7399008333333",decimal degrees,Brazil,South America,Brazil,BR,Amazonas,,,,"Detected at multiple rafts: [1, 2]",,1046_b02864-62bb3/crop_C02_2024-07-12_01-51-40_-2-9656833333333332_-60-73990083333333_CROPNUMBER_107_UUID_1046_b02864-62bb3.png
115,Raft-3/Insect/68,MachineObservation,,2024-07-12 03:36:24,Phrygionis-platinata-Guene,Animalia,Arthropoda,Insecta,Lepidoptera,Geometridae,Phrygionis,Phrygionis platinata,Species,AI,"Multiple Insect Segmentation, Tracking and Hierarchical Classification",0.316,Human,,2024-07-12,ICZN,3,144,observations,-2.9661406666666665,-60.737279666666666,WGS84,,"-2.96614066666667,-60.7372796666667",decimal degrees,Brazil,South America,Brazil,BR,Amazonas,,,,"Detected at multiple rafts: [2, 3]",,2214_46896e-1ce3e/crop_C03_2024-07-12_07-36-24_-2-9661406666666665_-60-737279666666666_CROPNUMBER_0_UUID_2214_46896e-1ce3e.png
116,Raft-3/Insect/69,MachineObservation,,2024-07-11 21:25:03,Phrygionis-polita-Cramer,Animalia,Arthropoda,Insecta,Lepidoptera,Geometridae,Phrygionis,Phrygionis polita,Species,AI,"Multiple Insect Segmentation, Tracking and Hierarchical Classification",0.363,Human,,2024-07-11,ICZN,1,144,observations,-2.9661443333333333,-60.737446166666665,WGS84,,"-2.96614433333333,-60.7374461666667",decimal degrees,Brazil,South America,Brazil,BR,Amazonas,,,,,,900_495109-9c3c8/crop_C03_2024-07-12_01-25-03_-2-9661443333333333_-60-737446166666665_CROPNUMBER_211_UUID_900_495109-9c3c8.png
117,Raft-2/Insect/35,MachineObservation,,2024-07-12 02:19:30,Phyllocnistis-citrella-Stainton_1856,Animalia,Arthropoda,Insecta,Lepidoptera,Gracillariidae,Phyllocnistis,Phyllocnistis citrella,Species,AI,"Multiple Insect Segmentation, Tracking and Hierarchical Classification",0.73,Human,,2024-07-12,ICZN,3,53,observations,-2.965673333333333,-60.739888666666666,WGS84,,"-2.96567333333333,-60.7398886666667",decimal degrees,Brazil,South America,Brazil,BR,Amazonas,,,,"Detected at multiple rafts: [1, 2]",,2004_f1505d-d910b/crop_C02_2024-07-12_06-19-30_-2-965673333333333_-60-739888666666666_CROPNUMBER_5_UUID_2004_f1505d-d910b.png
118,Raft-3/Insect/70,MachineObservation,,2024-07-11 21:06:22,Physiphora-clausa-Macquart_1844,Animalia,Arthropoda,Insecta,Diptera,Ulidiidae,Physiphora,Physiphora clausa,Species,AI,"Multiple Insect Segmentation, Tracking and Hierarchical Classification",0.266,Human,,2024-07-11,ICZN,1,144,observations,-2.9660998333333333,-60.73738216666667,WGS84,,"-2.96609983333333,-60.7373821666667",decimal degrees,Brazil,South America,Brazil,BR,Amazonas,,,,,,834_dc675c-c8fa5/crop_C03_2024-07-12_01-06-22_-2-9660998333333333_-60-73738216666667_CROPNUMBER_302_UUID_834_dc675c-c8fa5.png
119,Raft-2/Insect/36,MachineObservation,,2024-07-12 05:54:40,Pieridae--,Animalia,Arthropoda,Insecta,Lepidoptera,Pieridae,,,Family,AI,"Multiple Insect Segmentation, Tracking and Hierarchical Classification",0.342,Human,,2024-07-12,ICZN,3,53,observations,-2.9657035,-60.7399135,WGS84,,"-2.9657035,-60.7399135",decimal degrees,Brazil,South America,Brazil,BR,Amazonas,,,,,,2772_f01c89-58eb7/crop_C02_2024-07-12_09-54-40_-2-9657035_-60-7399135_CROPNUMBER_2_UUID_2772_f01c89-58eb7.png
120,Raft-2/Insect/37,MachineObservation,,2024-07-11 19:58:52,Plagioneurus-univittatus-Loew_1857,Animalia,Arthropoda,Insecta,Diptera,Dolichopodidae,Plagioneurus,Plagioneurus univittatus,Species,AI,"Multiple Insect Segmentation, Tracking and Hierarchical Classification",0.332,Human,,2024-07-11,ICZN,1,53,observations,-2.965640833333333,-60.739926833333335,WGS84,,"-2.96564083333333,-60.7399268333333",decimal degrees,Brazil,South America,Brazil,BR,Amazonas,,,,,,642_652cd4-5c320/crop_C02_2024-07-11_23-58-52_-2-9656408333333335_-60-739926833333335_CROPNUMBER_58_UUID_642_652cd4-5c320.png
121,Raft-2/Insect/38,MachineObservation,,2024-07-12 04:23:25,Plecia-plagiata-Wiedemann_1824,Animalia,Arthropoda,Insecta,Diptera,Bibionidae,Plecia,Plecia plagiata,Species,AI,"Multiple Insect Segmentation, Tracking and Hierarchical Classification",0.328,Human,,2024-07-12,ICZN,2,53,observations,-2.9657143333333336,-60.739899666666666,WGS84,,"-2.96571433333333,-60.7398996666667",decimal degrees,Brazil,South America,Brazil,BR,Amazonas,,,,"Detected at multiple rafts: [2, 3]",,2447_86ab3c-ac35e/crop_C02_2024-07-12_08-23-25_-2-9657143333333336_-60-739899666666666_CROPNUMBER_4_UUID_2447_86ab3c-ac35e.png
122,Raft-3/Insect/71,MachineObservation,,2024-07-11 18:51:24,Poecilocrypticus-formicophilus-Gebien_1928,Animalia,Arthropoda,Insecta,Coleoptera,Tenebrionidae,Poecilocrypticus,Poecilocrypticus formicophilus,Species,AI,"Multiple Insect Segmentation, Tracking and Hierarchical Classification",0.535,Human,,2024-07-11,ICZN,8,144,observations,-2.9659885,-60.737655333333336,WGS84,,"-2.9659885,-60.7376553333333",decimal degrees,Brazil,South America,Brazil,BR,Amazonas,,,,"Detected at multiple rafts: [1, 2, 3]",,356_efbd63-95370/crop_C03_2024-07-11_22-51-24_-2-9659885_-60-737655333333336_CROPNUMBER_144_UUID_356_efbd63-95370.png
123,Raft-3/Insect/72,MachineObservation,,2024-07-12 01:29:31,Pseudolynchia-canariensis-Macquart_1839,Animalia,Arthropoda,Insecta,Diptera,Hippoboscidae,Pseudolynchia,Pseudolynchia canariensis,Species,AI,"Multiple Insect Segmentation, Tracking and Hierarchical Classification",0.436,Human,,2024-07-12,ICZN,11,144,observations,0.0,0.0,WGS84,,"0,0",decimal degrees,Brazil,South America,Brazil,BR,Amazonas,,,,"Detected at multiple rafts: [1, 3]",,1765_4fd529-b4b31/crop_C03_2024-07-12_05-29-31_0-0_0-0_CROPNUMBER_51_UUID_1765_4fd529-b4b31.png
124,Raft-1/Insect/15,MachineObservation,,2024-07-11 21:17:16,Psorophora--RobineauDesvoidy_1827,Animalia,Arthropoda,Insecta,Diptera,Culicidae,Psorophora,,Genus,AI,"Multiple Insect Segmentation, Tracking and Hierarchical Classification",0.299,Human,,2024-07-11,ICZN,4,58,observations,-2.9664243333333333,-60.74259666666666,WGS84,,"-2.96642433333333,-60.7425966666667",decimal degrees,Brazil,South America,Brazil,BR,Amazonas,,,,"Detected at multiple rafts: [1, 2, 3]",,1003_6e7608-a8ce2/crop_C01_2024-07-12_01-17-16_-2-9664243333333333_-60-742596666666664_CROPNUMBER_1_UUID_1003_6e7608-a8ce2.png
125,Raft-2/Insect/39,MachineObservation,,2024-07-12 06:01:57,Psychoda-alternata-Say_1824,Animalia,Arthropoda,Insecta,Diptera,Psychodidae,Psychoda,Psychoda alternata,Species,AI,"Multiple Insect Segmentation, Tracking and Hierarchical Classification",0.688,Human,,2024-07-12,ICZN,28,53,observations,-2.965672833333333,-60.73991433333333,WGS84,,"-2.96567283333333,-60.7399143333333",decimal degrees,Brazil,South America,Brazil,BR,Amazonas,,,,"Detected at multiple rafts: [1, 2, 3]",,2798_1ca039-3102a/crop_C02_2024-07-12_10-01-57_-2-9656728333333335_-60-73991433333333_CROPNUMBER_4_UUID_2798_1ca039-3102a.png
126,Raft-3/Insect/73,MachineObservation,,2024-07-11 21:51:57,Psychodidae--,Animalia,Arthropoda,Insecta,Diptera,Psychodidae,,,Family,AI,"Multiple Insect Segmentation, Tracking and Hierarchical Classification",0.264,Human,,2024-07-11,ICZN,1,144,observations,0.0,0.0,WGS84,,"0,0",decimal degrees,Brazil,South America,Brazil,BR,Amazonas,,,,,,995_09e71d-6b863/crop_C03_2024-07-12_01-51-57_0-0_0-0_CROPNUMBER_17_UUID_995_09e71d-6b863.png
127,Raft-2/Insect/40,MachineObservation,,2024-07-11 18:54:12,Pterophoridae--,Animalia,Arthropoda,Insecta,Lepidoptera,Pterophoridae,,,Family,AI,"Multiple Insect Segmentation, Tracking and Hierarchical Classification",0.551,Human,,2024-07-11,ICZN,2,53,observations,-2.9657065,-60.73988966666667,WGS84,,"-2.9657065,-60.7398896666667",decimal degrees,Brazil,South America,Brazil,BR,Amazonas,,,,,,410_88fbf5-414a2/crop_C02_2024-07-11_22-54-12_-2-9657065_-60-73988966666667_CROPNUMBER_224_UUID_410_88fbf5-414a2.png
128,Raft-3/Insect/74,MachineObservation,,2024-07-12 03:20:32,Pyralidae--,Animalia,Arthropoda,Insecta,Lepidoptera,Pyralidae,,,Family,AI,"Multiple Insect Segmentation, Tracking and Hierarchical Classification",0.254,Human,,2024-07-12,ICZN,1,144,observations,-2.966464,-60.73696916666667,WGS84,,"-2.966464,-60.7369691666667",decimal degrees,Brazil,South America,Brazil,BR,Amazonas,,,,,,2158_72c1d7-d8a2f/crop_C03_2024-07-12_07-20-32_-2-966464_-60-73696916666667_CROPNUMBER_11_UUID_2158_72c1d7-d8a2f.png
129,Raft-1/Insect/16,MachineObservation,,2024-07-11 21:59:00,Sarcophaga-africa-Wiedemann_1824,Animalia,Arthropoda,Insecta,Diptera,Sarcophagidae,Sarcophaga,Sarcophaga africa,Species,AI,"Multiple Insect Segmentation, Tracking and Hierarchical Classification",0.301,Human,,2024-07-11,ICZN,2,58,observations,-2.966469,-60.742521833333335,WGS84,,"-2.966469,-60.7425218333333",decimal degrees,Brazil,South America,Brazil,BR,Amazonas,,,,,,1152_d5b8cb-f2f46/crop_C01_2024-07-12_01-59-00_-2-966469_-60-742521833333335_CROPNUMBER_23_UUID_1152_d5b8cb-f2f46.png
130,Raft-2/Insect/41,MachineObservation,,2024-07-11 20:42:55,Saturniidae--,Animalia,Arthropoda,Insecta,Lepidoptera,Saturniidae,,,Family,AI,"Multiple Insect Segmentation, Tracking and Hierarchical Classification",0.314,Human,,2024-07-11,ICZN,1,53,observations,-2.9656861666666665,-60.739902,WGS84,,"-2.96568616666667,-60.739902",decimal degrees,Brazil,South America,Brazil,BR,Amazonas,,,,,,800_38d3a8-8d13e/crop_C02_2024-07-12_00-42-55_-2-9656861666666665_-60-739902_CROPNUMBER_259_UUID_800_38d3a8-8d13e.png
131,Raft-2/Insect/42,MachineObservation,,2024-07-11 22:13:59,Scarabaeidae--,Animalia,Arthropoda,Insecta,Coleoptera,Scarabaeidae,,,Family,AI,"Multiple Insect Segmentation, Tracking and Hierarchical Classification",0.578,Human,,2024-07-11,ICZN,2,53,observations,-2.9656451666666666,-60.73990833333333,WGS84,,"-2.96564516666667,-60.7399083333333",decimal degrees,Brazil,South America,Brazil,BR,Amazonas,,,,"Detected at multiple rafts: [2, 3]",,1126_d68e73-ea0cc/crop_C02_2024-07-12_02-13-59_-2-9656451666666666_-60-73990833333333_CROPNUMBER_0_UUID_1126_d68e73-ea0cc.png
132,Raft-3/Insect/75,MachineObservation,,2024-07-11 21:05:31,Scirtothrips-dorsalis-Hood_1919,Animalia,Arthropoda,Insecta,Thysanoptera,Thripidae,Scirtothrips,Scirtothrips dorsalis,Species,AI,"Multiple Insect Segmentation, Tracking and Hierarchical Classification",0.508,Human,,2024-07-11,ICZN,9,144,observations,-2.966101333333333,-60.737378,WGS84,,"-2.96610133333333,-60.737378",decimal degrees,Brazil,South America,Brazil,BR,Amazonas,,,,"Detected at multiple rafts: [2, 3]",,831_5eec56-7340f/crop_C03_2024-07-12_01-05-31_-2-9661013333333335_-60-737378_CROPNUMBER_261_UUID_831_5eec56-7340f.png
133,Raft-1/Insect/17,MachineObservation,,2024-07-11 19:42:33,Sericoptera-mahometaria-HerrichSchffer_1853,Animalia,Arthropoda,Insecta,Lepidoptera,Geometridae,Sericoptera,Sericoptera mahometaria,Species,AI,"Multiple Insect Segmentation, Tracking and Hierarchical Classification",0.32,Human,,2024-07-11,ICZN,2,58,observations,-2.966445833333333,-60.74254783333333,WGS84,,"-2.96644583333333,-60.7425478333333",decimal degrees,Brazil,South America,Brazil,BR,Amazonas,,,,,,665_9d4192-c1da9/crop_C01_2024-07-11_23-42-33_-2-9664458333333332_-60-74254783333333_CROPNUMBER_57_UUID_665_9d4192-c1da9.png
134,Raft-3/Insect/76,MachineObservation,,2024-07-12 04:14:50,Sphacelodes-vulneraria-Hbner_1823,Animalia,Arthropoda,Insecta,Lepidoptera,Geometridae,Sphacelodes,Sphacelodes vulneraria,Species,AI,"Multiple Insect Segmentation, Tracking and Hierarchical Classification",0.594,Human,,2024-07-12,ICZN,5,144,observations,-2.9660558333333333,-60.73736366666667,WGS84,,"-2.96605583333333,-60.7373636666667",decimal degrees,Brazil,South America,Brazil,BR,Amazonas,,,,,,2350_f59ab2-e9640/crop_C03_2024-07-12_08-14-50_-2-9660558333333333_-60-73736366666667_CROPNUMBER_8_UUID_2350_f59ab2-e9640.png
135,Raft-2/Insect/43,MachineObservation,,2024-07-11 21:59:28,Sphingidae--,Animalia,Arthropoda,Insecta,Lepidoptera,Sphingidae,,,Family,AI,"Multiple Insect Segmentation, Tracking and Hierarchical Classification",0.342,Human,,2024-07-11,ICZN,2,53,observations,-2.965724333333333,-60.73990033333333,WGS84,,"-2.96572433333333,-60.7399003333333",decimal degrees,Brazil,South America,Brazil,BR,Amazonas,,,,,,1074_792d49-30de7/crop_C02_2024-07-12_01-59-28_-2-965724333333333_-60-73990033333333_CROPNUMBER_133_UUID_1074_792d49-30de7.png
136,Raft-3/Insect/77,MachineObservation,,2024-07-11 19:46:43,Spongiphoridae--,Animalia,Arthropoda,Insecta,Dermaptera,Spongiphoridae,,,Family,AI,"Multiple Insect Segmentation, Tracking and Hierarchical Classification",0.285,Human,,2024-07-11,ICZN,1,144,observations,-2.9659575,-60.737546,WGS84,,"-2.9659575,-60.737546",decimal degrees,Brazil,South America,Brazil,BR,Amazonas,,,,,,552_9b5ce9-c5162/crop_C03_2024-07-11_23-46-43_-2-9659575_-60-737546_CROPNUMBER_65_UUID_552_9b5ce9-c5162.png
137,Raft-3/Insect/78,MachineObservation,,2024-07-11 22:41:23,Staphylinidae--,Animalia,Arthropoda,Insecta,Coleoptera,Staphylinidae,,,Family,AI,"Multiple Insect Segmentation, Tracking and Hierarchical Classification",0.316,Human,,2024-07-11,ICZN,2,144,observations,0.0,0.0,WGS84,,"0,0",decimal degrees,Brazil,South America,Brazil,BR,Amazonas,,,,,,1170_386de8-ca7b3/crop_C03_2024-07-12_02-41-23_0-0_0-0_CROPNUMBER_48_UUID_1170_386de8-ca7b3.png
138,Raft-3/Insect/79,MachineObservation,,2024-07-12 02:43:15,Stegobium-paniceum-Linnaeus_1758,Animalia,Arthropoda,Insecta,Coleoptera,Anobiidae,Stegobium,Stegobium paniceum,Species,AI,"Multiple Insect Segmentation, Tracking and Hierarchical Classification",0.703,Human,,2024-07-12,ICZN,163,144,observations,-2.9660305,-60.73741666666667,WGS84,,"-2.9660305,-60.7374166666667",decimal degrees,Brazil,South America,Brazil,BR,Amazonas,,,,"Detected at multiple rafts: [1, 2, 3]",,2026_db8539-9b23f/crop_C03_2024-07-12_06-43-15_-2-9660305_-60-73741666666667_CROPNUMBER_40_UUID_2026_db8539-9b23f.png
139,Raft-3/Insect/80,MachineObservation,,2024-07-11 19:28:04,Stricticollis-tobias-De_Marseul_1879,Animalia,Arthropoda,Insecta,Coleoptera,Anthicidae,Stricticollis,Stricticollis tobias,Species,AI,"Multiple Insect Segmentation, Tracking and Hierarchical Classification",0.295,Human,,2024-07-11,ICZN,1,144,observations,-2.965913833333333,-60.737631666666665,WGS84,,"-2.96591383333333,-60.7376316666667",decimal degrees,Brazil,South America,Brazil,BR,Amazonas,,,,,,486_9a3c2d-8388c/crop_C03_2024-07-11_23-28-04_-2-9659138333333335_-60-737631666666665_CROPNUMBER_72_UUID_486_9a3c2d-8388c.png
140,Raft-3/Insect/81,MachineObservation,,2024-07-12 02:35:20,Supella-longipalpa-Fabricius_1798,Animalia,Arthropoda,Insecta,Blattodea,Ectobiidae,Supella,Supella longipalpa,Species,AI,"Multiple Insect Segmentation, Tracking and Hierarchical Classification",0.383,Human,,2024-07-12,ICZN,3,144,observations,-2.9660873333333333,-60.7373505,WGS84,,"-2.96608733333333,-60.7373505",decimal degrees,Brazil,South America,Brazil,BR,Amazonas,,,,"Detected at multiple rafts: [2, 3]",,1998_b2a84e-c0b78/crop_C03_2024-07-12_06-35-20_-2-9660873333333333_-60-7373505_CROPNUMBER_6_UUID_1998_b2a84e-c0b78.png
141,Raft-2/Insect/44,MachineObservation,,2024-07-11 19:13:25,Thaumastocoris-peregrinus-DLCarpintero__Dellap_2006,Animalia,Arthropoda,Insecta,Hemiptera,Thaumastocoridae,Thaumastocoris,Thaumastocoris peregrinus,Species,AI,"Multiple Insect Segmentation, Tracking and Hierarchical Classification",0.559,Human,,2024-07-11,ICZN,3,53,observations,-2.965674,-60.73989083333333,WGS84,,"-2.965674,-60.7398908333333",decimal degrees,Brazil,South America,Brazil,BR,Amazonas,,,,"Detected at multiple rafts: [2, 3]",,479_d25f08-97059/crop_C02_2024-07-11_23-13-25_-2-965674_-60-739890833333334_CROPNUMBER_119_UUID_479_d25f08-97059.png
142,Raft-3/Insect/82,MachineObservation,,2024-07-11 19:05:13,Thylodrias-contractus-Motschulsky_1839,Animalia,Arthropoda,Insecta,Coleoptera,Dermestidae,Thylodrias,Thylodrias contractus,Species,AI,"Multiple Insect Segmentation, Tracking and Hierarchical Classification",0.2764999999999999,Human,,2024-07-11,ICZN,68,144,observations,-2.9660173333333333,-60.737428666666666,WGS84,,"-2.96601733333333,-60.7374286666667",decimal degrees,Brazil,South America,Brazil,BR,Amazonas,,,,"Detected at multiple rafts: [1, 2, 3]",,405_e5c332-a1131/crop_C03_2024-07-11_23-05-13_-2-9660173333333333_-60-737428666666666_CROPNUMBER_130_UUID_405_e5c332-a1131.png
143,Raft-3/Insect/83,MachineObservation,,2024-07-11 20:25:22,Tosale-aucta-Hampson_1897,Animalia,Arthropoda,Insecta,Lepidoptera,Pyralidae,Tosale,Tosale aucta,Species,AI,"Multiple Insect Segmentation, Tracking and Hierarchical Classification",0.67,Human,,2024-07-11,ICZN,17,144,observations,-2.9661705,-60.737191,WGS84,,"-2.9661705,-60.737191",decimal degrees,Brazil,South America,Brazil,BR,Amazonas,,,,,,689_794adf-bd791/crop_C03_2024-07-12_00-25-22_-2-9661705_-60-737191_CROPNUMBER_100_UUID_689_794adf-bd791.png
144,Raft-1/Insect/18,MachineObservation,,2024-07-11 19:10:29,Typhaea-stercorea-Linnaeus_1758,Animalia,Arthropoda,Insecta,Coleoptera,Mycetophagidae,Typhaea,Typhaea stercorea,Species,AI,"Multiple Insect Segmentation, Tracking and Hierarchical Classification",0.3021666666666667,Human,,2024-07-11,ICZN,144,58,observations,-2.9664361666666665,-60.74255683333333,WGS84,,"-2.96643616666667,-60.7425568333333",decimal degrees,Brazil,South America,Brazil,BR,Amazonas,,,,"Detected at multiple rafts: [1, 2, 3]",,550_30c7bb-0e746/crop_C01_2024-07-11_23-10-29_-2-9664361666666665_-60-74255683333333_CROPNUMBER_299_UUID_550_30c7bb-0e746.png
145,Raft-2/Insect/45,MachineObservation,,2024-07-11 23:43:25,Ululodes-macleayanus-Guilding_1823,Animalia,Arthropoda,Insecta,Neuroptera,Ascalaphidae,Ululodes,Ululodes macleayanus,Species,AI,"Multiple Insect Segmentation, Tracking and Hierarchical Classification",0.48,Human,,2024-07-11,ICZN,24,53,observations,-2.9656121666666664,-60.73988516666667,WGS84,,"-2.96561216666667,-60.7398851666667",decimal degrees,Brazil,South America,Brazil,BR,Amazonas,,,,"Detected at multiple rafts: [2, 3]",,1446_0edc91-4f08a/crop_C02_2024-07-12_03-43-25_-2-9656121666666664_-60-73988516666667_CROPNUMBER_30_UUID_1446_0edc91-4f08a.png
146,Raft-2/Insect/46,MachineObservation,,2024-07-11 18:53:38,Zaprionus-indianus-Gupta_1970,Animalia,Arthropoda,Insecta,Diptera,Drosophilidae,Zaprionus,Zaprionus indianus,Species,AI,"Multiple Insect Segmentation, Tracking and Hierarchical Classification",0.479,Human,,2024-07-11,ICZN,7,53,observations,-2.9657063333333333,-60.739888666666666,WGS84,,"-2.96570633333333,-60.7398886666667",decimal degrees,Brazil,South America,Brazil,BR,Amazonas,,,,"Detected at multiple rafts: [2, 3]",,408_9b3ca7-d2ea8/crop_C02_2024-07-11_22-53-38_-2-9657063333333333_-60-739888666666666_CROPNUMBER_114_UUID_408_9b3ca7-d2ea8.png
